Price~,"Exp Date",DTE,"Leg1 Strike",Type,Bid1,"Leg2 Strike",Type,Ask2,BE,BE%,"Max Profit","Max Loss","Max Profit%",Risk/Reward,"Net Delta","Loss Prob"
50.12,2026-10-09,7,49.50,Put,0.44,48.00,Put,0.18,49.24,-1.76%,0.26,1.24,+20.97%,"4.77 to 1",0.217344,32.5%
50.12,2026-10-09,7,49.50,Put,0.44,48.50,Put,0.22,49.28,-1.68%,0.22,0.78,+28.21%,"3.55 to 1",0.168547,33.3%
50.12,2026-10-09,7,49.50,Put,0.44,49.00,Put,0.32,49.38,-1.48%,0.12,0.38,+31.58%,"3.17 to 1",0.093585,35.2%
50.12,2026-10-09,7,50.00,Put,0.64,47.00,Put,0.06,49.42,-1.40%,0.58,2.42,+23.97%,"4.17 to 1",0.400098,35.9%
50.12,2026-10-09,7,50.00,Put,0.64,47.50,Put,0.11,49.47,-1.30%,0.53,1.97,+26.90%,"3.72 to 1",0.367764,36.9%
50.12,2026-10-09,7,50.00,Put,0.64,48.00,Put,0.18,49.54,-1.16%,0.46,1.54,+29.87%,"3.35 to 1",0.319438,38.3%
50.12,2026-10-09,7,50.00,Put,0.64,48.50,Put,0.22,49.58,-1.08%,0.42,1.08,+38.89%,"2.57 to 1",0.270641,39.1%
50.12,2026-10-09,7,50.00,Put,0.64,49.00,Put,0.32,49.68,-0.88%,0.32,0.68,+47.06%,"2.13 to 1",0.19568,41.1%
"Downloaded from Barchart.com as of 10-02-2026 02:34pm CDT"
