Symbol,Price~,"Exp Date",Type,Strike,DTE,"Bid x Size","Ask x Size",Trade,Size,Side,Premium,Volume,"Open Int",IV,Delta,Code,*,Time
UBER,71.65,2028-06-16,Call,75,644,"16.60 x 137","17.15 x 134",16.9,1000,mid,1690000,1007,629,43.12%,0.62991848709514,MLAT,ToOpen,"15:08:17 ET"
UBER,71.65,2028-06-16,Call,77.5,644,"15.65 x 72","16.20 x 207",15.9,1000,mid,1590000,1000,25,43.02%,0.60785486442245,MLAT,ToOpen,"15:08:17 ET"
UBER,71.7399,2026-12-18,Call,75,98,"4.75 x 999","4.85 x 384",4.75,999,bid,474500,1150,5340,39.08%,0.47322404971039,AUTO,N/A,"15:05:42 ET"
UBER,71.68,2026-10-16,Call,85,35,"0.26 x 23","0.29 x 47",0.27,10000,mid,270000,10995,15007,36.28%,0.076460829723072,SLCN,N/A,"15:48:03 ET"
UBER,72.11,2027-01-15,Call,75,126,"5.55 x 857","5.85 x 130",5.82,450,mid,261900,962,9447,39.11%,0.50067522742132,SLAN,N/A,"09:59:28 ET"
UBER,72.11,2027-01-15,Call,75,126,"5.55 x 369","5.90 x 637",5.9,440,ask,259600,962,9447,39.11%,0.50067522742132,AUTO,N/A,"10:00:28 ET"
UBER,71.78,2026-09-11,Call,71,0,"0.89 x 273","1.11 x 1",1.12,2316,ask,259300,2750,1451,28.77%,0.77185934741522,AUTO,BuyToOpen,"10:20:08 ET"
UBER,71.715,2027-01-15,Call,75,126,"5.60 x 450","5.75 x 243",5.6,450,bid,252000,2044,9447,38.79%,0.4903068647057,AUTO,N/A,"13:53:30 ET"
UBER,71.715,2027-01-15,Call,75,126,"5.40 x 289","5.50 x 350",5.5,350,ask,192500,2044,9447,38.79%,0.4903068647057,AUTO,N/A,"13:56:15 ET"
UBER,71.9922,2027-03-19,Call,77.5,189,"6.70 x 101","6.95 x 268",6.7,265,bid,177500,275,567,40.27%,0.4847576888796,AUTO,N/A,"09:48:48 ET"
UBER,71.165,2027-03-19,Call,50,189,"23.50 x 75","24.20 x 1308",23.5,75,bid,176200,171,3496,46.64%,0.8999260626496,AUTO,N/A,"10:59:09 ET"
UBER,71.8,2027-09-17,Call,75,371,"11.95 x 2","12.20 x 592",12,100,mid,120000,114,249,42.02%,0.58172390315524,AUTO,N/A,"13:52:12 ET"
UBER,71.65,2026-12-18,Call,50,98,"22.55 x 10","23.10 x 510",23.1,50,ask,115500,50,675,42.85%,0.96230476863364,AUTO,N/A,"15:08:02 ET"
UBER,71.32,2026-10-30,Put,80,49,"9.00 x 26","10.70 x 4",9.6,100,mid,96000,100,0,41.40%,-0.7502173782,AUTO,ToOpen,"11:49:24 ET"
UBER,71.68,2026-09-18,Put,75,7,"3.40 x 180","3.45 x 124",3.45,249,ask,85900,549,11311,28.82%,-0.8684257299,AUTO,N/A,"15:48:10 ET"
UBER,71.935,2027-01-15,Call,80,126,"3.90 x 200","4.05 x 654",3.9,200,bid,78000,298,14422,38.64%,0.38360747923203,AUTO,N/A,"09:54:16 ET"
UBER,71.64,2026-10-16,Put,72.5,35,"3.25 x 233","3.40 x 88",3.35,200,mid,67000,414,10630,33.41%,-0.5158032908,SLAN,N/A,"13:29:42 ET"
UBER,72.245,2027-01-15,Call,62.5,126,"13.00 x 45","14.15 x 1390",13,45,bid,58500,91,360,38.93%,0.78988109012218,AUTO,N/A,"10:05:07 ET"
UBER,72.245,2027-01-15,Call,62.5,126,"12.95 x 45","14.10 x 1829",12.95,45,bid,58200,91,360,38.93%,0.78988109012218,AUTO,N/A,"10:05:49 ET"
UBER,71.49,2026-09-18,Call,75,7,"0.35 x 12","0.39 x 112",0.36,1500,mid,54000,3884,12568,35.78%,0.17654982541995,AUTO,N/A,"14:10:48 ET"
UBER,71.725,2026-10-23,Call,80,42,"0.96 x 500","1.02 x 48",0.96,500,bid,48000,3011,660,35.54%,0.20893221507219,AUTO,N/A,"12:58:37 ET"
UBER,71.3749,2027-06-17,Call,70,279,"11.95 x 24","12.35 x 1132",11.95,40,bid,47800,170,1986,41.26%,0.62507970301594,AUTO,N/A,"11:06:45 ET"
UBER,72.7,2026-10-16,Call,67.5,35,"6.15 x 10","6.90 x 183",6.5,65,mid,42200,65,333,36.27%,0.77299873522415,AUTO,N/A,"09:30:05 ET"
UBER,71.18,2027-03-19,Call,85,189,"4.00 x 348","4.20 x 17",4.2,100,ask,42000,262,1476,40.20%,0.34550656084104,SLFT,N/A,"10:39:11 ET"
UBER,71.18,2027-06-17,Call,80,279,"7.60 x 287","7.80 x 1",7.6,54,bid,41000,146,5304,41.00%,0.47544907462741,AUTO,N/A,"10:41:54 ET"
UBER,71.68,2026-10-16,Put,80,35,"8.80 x 98","8.90 x 45",8.9,45,ask,40000,95,1186,34.20%,-0.8395544076,AUTO,N/A,"12:27:50 ET"
UBER,71.89,2027-01-15,Put,70,126,"4.90 x 205","5.00 x 80",5,80,ask,40000,127,13382,38.49%,-0.3921785066,AUTO,N/A,"10:11:02 ET"
UBER,71.68,2027-01-15,Put,72.5,126,"6.30 x 106","6.35 x 59",6.35,59,ask,37400,69,6718,37.65%,-0.4608506094,AUTO,N/A,"12:29:31 ET"
UBER,71.525,2027-03-19,Call,75,189,"7.30 x 1","7.50 x 661",7.38,50,mid,36900,195,1627,40.19%,0.52073188960063,SLAN,N/A,"12:18:09 ET"
UBER,71.64,2026-09-18,Call,65,7,"6.55 x 401","6.95 x 433",6.8,50,mid,34000,75,1302,40.78%,0.96102947974877,SLFT,N/A,"13:29:24 ET"
UBER,71.32,2027-01-15,Call,75,126,"5.25 x 30","5.30 x 64",5.3,64,ask,33900,1207,9447,38.74%,0.48050300996704,AUTO,N/A,"11:48:41 ET"
UBER,71.725,2027-12-17,Call,100,462,"6.35 x 50","6.60 x 365",6.35,50,bid,31700,112,2350,41.21%,0.35410386744646,AUTO,N/A,"12:58:38 ET"
UBER,72.225,2026-12-18,Put,70,98,"4.15 x 10","4.55 x 1114",4.15,75,bid,31100,79,4649,39.09%,-0.3844157299,AUTO,N/A,"09:37:26 ET"
UBER,72.245,2026-11-20,Call,75,70,"4.00 x 116","4.15 x 2592",4.15,71,ask,29400,142,3529,40.13%,0.46626465200425,AUTO,N/A,"10:06:54 ET"
UBER,71.735,2026-10-16,Put,72.5,35,"3.30 x 230","3.40 x 126",3.35,86,mid,28800,822,10630,34.24%,-0.5092753458,AUTO,N/A,"15:40:18 ET"
UBER,71.3749,2026-09-25,Put,76,14,"5.00 x 80","5.35 x 85",5.12,55,mid,28100,57,142,38.15%,-0.7878410042,MLET,N/A,"11:06:40 ET"
UBER,71.8892,2026-10-23,Call,80,42,"0.97 x 1","0.99 x 275",0.99,275,ask,27200,3376,660,35.75%,0.21601897679651,AUTO,N/A,"13:45:09 ET"
UBER,71.625,2026-10-30,Put,75,49,"5.15 x 95","5.95 x 23",5.54,49,mid,27100,50,1,35.75%,-0.6044115786,MLAT,ToOpen,"15:14:12 ET"
UBER,71.4599,2026-11-20,Call,75,70,"3.70 x 73","3.75 x 127",3.7,73,bid,27000,359,3529,39.97%,0.44114375387362,AUTO,N/A,"11:55:38 ET"
UBER,72.7,2026-11-20,Put,67.5,70,"2.61 x 5","2.62 x 102",2.62,102,ask,26700,117,4107,40.55%,-0.2946754206,AUTO,N/A,"09:30:05 ET"
UBER,71.335,2027-01-15,Call,75,126,"5.15 x 376","5.40 x 461",5.27,50,mid,26300,1084,9447,38.69%,0.48074880125785,SLAN,N/A,"10:49:40 ET"
UBER,71.65,2026-11-20,Call,85,70,"1.24 x 125","1.33 x 45",1.3,200,mid,26000,485,3695,39.71%,0.19636523352448,AUTO,N/A,"15:07:50 ET"
UBER,71.3749,2026-09-11,Put,76,0,"4.50 x 434","4.85 x 101",4.72,55,mid,25900,66,1473,72.43%,-0.9508699601,MLET,N/A,"11:06:40 ET"
UBER,71.725,2027-03-19,Call,100,189,"1.77 x 115","1.95 x 336",1.77,138,bid,24400,1153,3199,40.70%,0.17935431171683,AUTO,N/A,"13:00:30 ET"
UBER,71.625,2026-10-30,Put,74,49,"4.55 x 75","5.30 x 16",4.92,49,mid,24100,50,0,35.81%,-0.5634487031,MLAT,ToOpen,"15:14:12 ET"
UBER,71.32,2026-09-25,Put,77,14,"4.95 x 961","5.90 x 40",5.9,40,ask,23600,43,203,38.81%,-0.8341707978,AUTO,N/A,"10:56:36 ET"
UBER,71.89,2026-09-18,Call,73,7,"1.00 x 32","1.05 x 24",1,234,bid,23400,571,879,36.60%,0.39616353276207,AUTO,N/A,"10:11:35 ET"
UBER,71.78,2026-10-02,Call,75,21,"1.28 x 180","1.33 x 235",1.28,180,bid,23000,537,235,35.72%,0.32812234038252,AUTO,N/A,"10:19:00 ET"
UBER,72.11,2026-10-23,Call,80,42,"1.10 x 200","1.12 x 1",1.1,200,bid,22000,1258,660,37.46%,0.23570877865334,AUTO,N/A,"10:00:21 ET"
UBER,71.18,2027-03-19,Call,85,189,"3.95 x 171","4.25 x 183",3.9,55,bid,21400,262,1476,40.20%,0.34550656084104,AUTO,N/A,"10:40:01 ET"
UBER,71.4,2027-09-17,Call,100,371,"4.55 x 12","4.75 x 110",4.74,45,mid,21300,52,1222,41.07%,0.30609678209985,SLAN,N/A,"11:39:21 ET"
UBER,71.78,2026-09-18,Call,71,7,"1.84 x 45","1.84 x 49",1.84,115,ask,21100,255,328,36.07%,0.60167156839368,AUTO,N/A,"10:17:52 ET"
UBER,72.225,2026-09-25,Call,72,14,"2.15 x 2","2.15 x 1080",2.15,98,ask,21000,119,556,35.41%,0.5397297609105,AUTO,N/A,"09:40:56 ET"
UBER,71.715,2026-12-18,Call,80,98,"3.00 x 69","3.05 x 143",3.03,69,mid,20900,257,9835,38.69%,0.34696108165531,AUTO,N/A,"13:23:09 ET"
UBER,72.245,2027-01-15,Call,80,126,"3.85 x 715","4.05 x 50",4.05,50,ask,20200,364,14422,38.83%,0.39177737806221,AUTO,N/A,"10:07:10 ET"
UBER,71.935,2026-12-18,Call,85,98,"2.00 x 100","2.27 x 964",2,100,bid,20000,105,3543,39.97%,0.25704001276785,AUTO,N/A,"09:56:22 ET"
UBER,71.46,2026-12-18,Call,100,98,"0.47 x 265","0.48 x 44",0.48,400,ask,19200,1329,14568,41.30%,0.078565427064499,AUTO,N/A,"14:52:42 ET"
UBER,71.36,2027-03-19,Call,82.5,189,"4.65 x 470","4.85 x 106",4.78,40,mid,19100,93,2086,39.88%,0.38586186918145,MLET,N/A,"12:17:18 ET"
UBER,71.665,2026-10-16,Call,75,35,"1.97 x 6","2.01 x 57",1.99,96,mid,19100,405,5812,35.63%,0.37260246750605,SLAN,N/A,"10:14:23 ET"
UBER,71.78,2026-10-16,Call,75,35,"1.90 x 100","1.92 x 16",1.9,100,bid,19000,535,5812,35.71%,0.3784782926685,AUTO,N/A,"10:18:04 ET"
UBER,71.735,2026-09-18,Call,72.5,7,"1.05 x 180","1.06 x 181",1.05,180,bid,18900,1135,4342,34.09%,0.42606420528301,AUTO,N/A,"15:38:45 ET"
UBER,71.3749,2026-11-20,Call,72.5,70,"4.70 x 40","4.75 x 139",4.7,40,bid,18800,94,2587,40.38%,0.51602769457587,AUTO,N/A,"11:03:44 ET"
UBER,71.23,2027-01-15,Call,80,126,"3.55 x 143","3.75 x 161",3.66,50,mid,18300,572,14422,38.90%,0.36853446537022,SLAN,N/A,"11:14:13 ET"
UBER,71.45,2026-12-18,Call,85,98,"1.80 x 76","1.83 x 100",1.83,100,ask,18300,698,3543,38.73%,0.23776361723366,AUTO,N/A,"14:50:19 ET"
UBER,71.335,2027-01-15,Call,80,126,"3.65 x 50","3.75 x 114",3.65,50,bid,18200,704,14422,38.49%,0.36876591691506,AUTO,N/A,"11:43:33 ET"
UBER,72,2026-09-18,Call,70,7,"2.60 x 14","2.98 x 511",2.8,65,mid,18200,152,3889,39.68%,0.7098090894658,AUTO,N/A,"09:43:50 ET"
UBER,71.635,2026-09-11,Call,71,0,"0.62 x 77","0.64 x 283",0.64,283,ask,18100,5514,1451,13.41%,0.90235914391521,AUTO,N/A,"15:30:41 ET"
UBER,71.4,2026-12-18,Call,85,98,"1.75 x 266","1.82 x 98",1.82,98,ask,17800,522,3543,38.84%,0.23744401618088,AUTO,N/A,"11:39:24 ET"
UBER,71.75,2027-01-15,Put,60,126,"1.66 x 129","1.75 x 99",1.75,99,ask,17300,154,13105,39.16%,-0.1729808626,AUTO,N/A,"15:35:00 ET"
UBER,71.935,2026-09-11,Call,70,0,"1.86 x 54","2.00 x 368",1.86,93,bid,17200,246,1908,38.89%,0.91376263483995,AUTO,N/A,"09:56:11 ET"
UBER,72.245,2026-10-16,Call,77.5,35,"1.37 x 125","1.39 x 88",1.37,125,bid,17100,325,3509,35.44%,0.290272562491,AUTO,N/A,"10:04:25 ET"
UBER,71.595,2026-11-20,Call,82.5,70,"1.70 x 100","1.72 x 21",1.7,100,bid,17000,212,2019,40.00%,0.24789121636013,AUTO,N/A,"13:14:57 ET"
UBER,71.36,2027-03-19,Call,100,189,"1.72 x 15","1.75 x 1",1.74,95,mid,16500,590,3199,40.47%,0.17303703241756,AUTO,N/A,"11:58:45 ET"
UBER,71.9922,2027-01-15,Call,82.5,126,"3.25 x 1700","3.40 x 193",3.25,50,bid,16200,55,3832,38.74%,0.33490859426712,AUTO,N/A,"09:48:24 ET"
UBER,71.525,2026-09-25,Put,71,14,"1.57 x 51","1.60 x 100",1.6,100,ask,16000,228,545,34.61%,-0.4368274289,AUTO,N/A,"12:25:42 ET"
UBER,71.49,2026-09-25,Call,75,14,"0.72 x 67","0.80 x 160",0.75,209,mid,15600,1201,1004,35.06%,0.2599366258459,SLAN,N/A,"14:11:41 ET"
UBER,72.225,2026-09-18,Call,70,7,"2.67 x 1082","3.10 x 50",3.1,50,ask,15500,87,3889,35.00%,0.75311873966183,AUTO,N/A,"09:37:02 ET"
UBER,71.32,2026-12-18,Call,90,98,"1.16 x 1","1.20 x 3",1.19,130,mid,15400,176,7601,39.48%,0.16245258136745,AUTO,N/A,"10:56:00 ET"
UBER,71.735,2026-10-16,Put,72.5,35,"3.35 x 46","3.40 x 254",3.35,46,bid,15400,822,10630,34.24%,-0.5092753458,AUTO,N/A,"15:40:04 ET"
UBER,71.7903,2026-11-20,Call,75,70,"3.75 x 519","3.95 x 190",3.85,40,mid,15400,518,3529,40.00%,0.45162182964581,MLET,N/A,"13:38:50 ET"
UBER,71.72,2026-11-20,Call,77.5,70,"2.90 x 52","2.98 x 14",2.9,52,bid,15000,223,1655,39.33%,0.3734803099459,AUTO,N/A,"15:55:00 ET"
UBER,71.595,2026-11-20,Call,75,70,"3.70 x 103","3.75 x 40",3.75,40,ask,15000,457,3529,39.69%,0.44453131675153,AUTO,N/A,"13:14:23 ET"
UBER,71.72,2026-10-16,Call,77.5,35,"1.11 x 435","1.11 x 135",1.11,135,ask,14900,747,3509,34.57%,0.2619245767862,AUTO,N/A,"15:57:01 ET"
UBER,71.65,2026-10-16,Put,70,35,"2.12 x 21","2.16 x 2",2.14,70,mid,14900,451,5869,34.15%,-0.3821151733,SLAN,N/A,"13:22:15 ET"
UBER,71.81,2026-09-18,Call,75,7,"0.33 x 124","0.34 x 14",0.33,444,bid,14600,6202,12568,33.75%,0.18627664363769,ISOI,N/A,"15:45:21 ET"
UBER,71.7903,2026-09-18,Put,75,7,"3.40 x 379","3.60 x 86",3.55,41,mid,14500,227,11311,33.79%,-0.8183770978,MESL,N/A,"13:39:37 ET"
UBER,71.37,2026-09-18,Call,70,7,"2.20 x 65","2.26 x 78",2.2,65,bid,14300,232,3889,36.78%,0.66266668677231,AUTO,N/A,"10:36:30 ET"
UBER,71.165,2026-10-16,Call,75,35,"1.75 x 80","1.75 x 31",1.75,80,ask,14000,921,5812,35.81%,0.34981479378628,AUTO,N/A,"10:59:46 ET"
UBER,71.725,2027-03-19,Call,100,189,"1.75 x 1","1.76 x 1",1.75,80,bid,14000,1153,3199,40.70%,0.17935431171683,ISOI,N/A,"12:58:38 ET"
UBER,71.585,2027-09-17,Put,55,371,"3.20 x 403","3.40 x 20",3.4,41,ask,13900,41,743,41.31%,-0.1783530506,AUTO,N/A,"10:25:17 ET"
UBER,71.09,2026-10-23,Call,73,42,"2.65 x 109","3.45 x 1281",2.78,50,mid,13900,162,95,39.31%,0.4601099780327,SLAN,N/A,"10:44:33 ET"
UBER,71.09,2026-10-23,Call,73,42,"2.65 x 109","3.45 x 1281",2.77,50,mid,13800,162,95,39.31%,0.4601099780327,SLAN,N/A,"10:44:33 ET"
UBER,71.665,2026-12-18,Call,85,98,"1.97 x 70","2.02 x 1",1.97,70,bid,13700,227,3543,39.23%,0.24602697931088,AUTO,N/A,"10:17:02 ET"
UBER,72.245,2026-10-16,Call,77.5,35,"1.35 x 100","1.40 x 41",1.35,100,bid,13500,325,3509,35.44%,0.290272562491,AUTO,N/A,"10:04:12 ET"
UBER,71.7903,2026-09-11,Put,75,0,"3.15 x 128","3.30 x 106",3.25,41,mid,13300,195,2912,44.65%,-0.9707491718,MESL,N/A,"13:39:37 ET"
UBER,71.4,2026-12-18,Call,85,98,"1.75 x 704","1.82 x 174",1.82,73,ask,13200,522,3543,38.84%,0.23744401618088,AUTO,N/A,"11:39:16 ET"
UBER,71.4599,2027-03-19,Call,100,189,"1.72 x 15","1.74 x 56",1.73,75,mid,12900,459,3199,40.60%,0.17530818042069,AUTO,N/A,"11:56:44 ET"
UBER,72.225,2026-09-11,Call,70,0,"2.15 x 60","2.15 x 235",2.15,60,ask,12900,123,1908,29.50%,0.98008253870699,AUTO,N/A,"09:39:20 ET"
UBER,71.75,2026-09-18,Call,72,7,"1.17 x 10","1.17 x 120",1.16,111,bid,12800,2922,2968,33.83%,0.48564992019695,AUTO,N/A,"15:33:42 ET"
UBER,71.68,2027-01-15,Call,95,126,"1.26 x 100","1.26 x 283",1.26,100,ask,12600,230,9439,39.69%,0.15049095990962,AUTO,N/A,"15:51:02 ET"
UBER,71.65,2026-11-20,Call,80,70,"2.18 x 50","2.23 x 57",2.23,56,ask,12400,568,3669,39.54%,0.30536920549318,AUTO,N/A,"15:10:38 ET"
UBER,71.7903,2026-11-20,Call,80,70,"2.22 x 91","2.32 x 43",2.26,55,mid,12400,381,3669,39.69%,0.31024822086752,MLAT,N/A,"13:39:25 ET"
UBER,71.9922,2026-11-20,Call,80,70,"2.47 x 50","2.60 x 199",2.47,50,bid,12300,72,3669,40.46%,0.32042537953234,AUTO,N/A,"09:48:55 ET"
UBER,71.385,2026-11-20,Call,80,70,"2.15 x 57","2.17 x 174",2.15,57,bid,12200,498,3669,39.63%,0.29847456638274,AUTO,N/A,"14:30:37 ET"
UBER,71.525,2026-10-30,Call,75,49,"2.51 x 10","2.76 x 13",2.5,49,bid,12200,80,58,37.89%,0.40652554847581,AUTO,N/A,"10:31:02 ET"
UBER,71.935,2026-10-23,Call,80,42,"0.97 x 32","1.24 x 528",1.24,97,ask,12000,557,660,37.80%,0.23228129676603,AUTO,N/A,"09:53:54 ET"
UBER,71.3749,2026-09-18,Call,72,7,"1.10 x 101","1.18 x 400",1.19,100,ask,11900,1381,2968,36.36%,0.44661848149318,AUTO,N/A,"11:06:04 ET"
UBER,71.65,2026-12-18,Call,85,98,"1.83 x 173","1.88 x 63",1.88,63,ask,11800,761,3543,38.66%,0.24159233772154,AUTO,N/A,"15:08:24 ET"
UBER,72,2026-10-02,Call,75,21,"1.41 x 84","1.51 x 790",1.41,84,bid,11800,156,235,36.92%,0.34707981476616,AUTO,N/A,"09:45:59 ET"
UBER,72.7,2026-09-25,Put,74,14,"2.37 x 1","2.83 x 104",2.7,43,mid,11600,80,248,38.53%,-0.5731727904,AUTO,N/A,"09:30:03 ET"
UBER,71.58,2026-09-18,Call,70,7,"2.26 x 7","2.37 x 331",2.3,50,mid,11400,403,3889,34.31%,0.69434800616441,AUTO,N/A,"15:26:20 ET"
UBER,71.79,2027-01-15,Call,95,126,"1.10 x 84","1.15 x 10",1.15,100,ask,11400,116,9439,39.17%,0.14809643904152,AUTO,N/A,"14:01:51 ET"
UBER,71.89,2026-10-23,Call,80,42,"1.14 x 100","1.30 x 626",1.14,100,bid,11300,1675,660,36.58%,0.22213601736389,AUTO,N/A,"10:08:30 ET"
UBER,72,2026-10-23,Call,80,42,"0.90 x 571","1.12 x 101",1.12,101,ask,11300,282,660,37.13%,0.22972762865696,AUTO,N/A,"09:43:19 ET"
UBER,72.245,2026-10-23,Call,80,42,"1.08 x 10","1.19 x 89",1.13,100,mid,11200,1502,660,37.17%,0.23824262102831,SLAN,N/A,"10:05:17 ET"
UBER,72.94,2026-09-25,Call,75,14,"1.20 x 306","1.30 x 126",1.28,88,mid,11200,270,1004,36.18%,0.36766068147056,SLAN,N/A,"09:31:51 ET"
UBER,71.665,2026-09-18,Call,71,7,"1.85 x 2","1.90 x 236",1.9,59,ask,11200,100,328,36.94%,0.58763486861001,AUTO,N/A,"10:17:01 ET"
UBER,72.11,2026-10-23,Call,80,42,"1.05 x 100","1.09 x 100",1.09,100,ask,10900,1258,660,37.46%,0.23570877865334,AUTO,N/A,"09:58:04 ET"
UBER,72.94,2026-09-25,Call,75,14,"1.20 x 61","1.25 x 85",1.25,85,ask,10600,270,1004,36.18%,0.36766068147056,AUTO,N/A,"09:33:47 ET"
UBER,71.36,2026-09-11,Put,74,0,"2.56 x 179","2.81 x 73",2.65,40,mid,10600,147,1852,45.15%,-0.9385608508,MLET,N/A,"12:14:56 ET"
UBER,71.525,2026-12-18,Call,85,98,"1.92 x 55","1.95 x 2",1.92,55,bid,10500,285,3543,38.79%,0.23983278078373,AUTO,N/A,"10:31:47 ET"
UBER,71.585,2026-09-11,Put,73,0,"1.26 x 10","1.38 x 92",1.3,80,mid,10400,361,5031,33.19%,-0.8699963107,AUTO,N/A,"10:22:49 ET"
UBER,71.81,2026-11-20,Call,85,70,"1.25 x 85","1.29 x 81",1.29,80,ask,10300,914,3695,39.92%,0.20141681546462,AUTO,N/A,"15:45:10 ET"
UBER,71.665,2026-12-18,Call,85,98,"1.99 x 76","2.06 x 1",2.04,50,mid,10200,227,3543,39.23%,0.24602697931088,AUTO,N/A,"10:14:10 ET"
UBER,71.63,2027-01-15,Call,85,126,"2.53 x 40","2.56 x 27",2.53,40,bid,10100,217,11397,38.64%,0.28031972936689,AUTO,N/A,"12:42:28 ET"
UBER,71.72,2026-09-25,Put,72,14,"1.94 x 144","2.01 x 50",2.01,50,ask,10000,287,489,35.51%,-0.5023641253,AUTO,N/A,"15:53:08 ET"
UBER,71.3431,2026-09-18,Put,70,7,"0.85 x 117","0.86 x 1",0.85,117,bid,9900,2582,12706,36.44%,-0.3395690948,AUTO,N/A,"11:28:23 ET"
UBER,71.58,2026-10-02,Put,72,21,"2.42 x 120","2.47 x 40",2.47,40,ask,9800,69,261,33.69%,-0.505177136,AUTO,N/A,"15:23:44 ET"
UBER,71.3431,2026-11-20,Put,65,70,"2.10 x 66","2.19 x 63",2.1,47,bid,9800,210,6868,40.42%,-0.2583166599,AUTO,N/A,"11:28:34 ET"
UBER,71.665,2026-09-18,Call,72,7,"1.38 x 161","1.46 x 244",1.4,70,mid,9800,396,2968,36.88%,0.47920537081087,AUTO,N/A,"10:15:12 ET"
UBER,71.585,2027-09-17,Put,50,371,"2.01 x 563","2.32 x 42",2.32,42,ask,9700,42,1630,41.33%,-0.1242465786,AUTO,N/A,"10:25:07 ET"
UBER,71.37,2026-09-25,Call,72,14,"1.75 x 55","1.75 x 1",1.75,55,ask,9600,337,556,35.81%,0.47193306085247,AUTO,N/A,"10:37:02 ET"
UBER,71.37,2026-09-18,Put,71,7,"1.10 x 65","1.14 x 67",1.12,85,mid,9500,857,1164,36.18%,-0.4443024008,SLAN,N/A,"10:32:35 ET"
UBER,71.64,2026-09-25,Call,72,14,"1.74 x 95","1.84 x 55",1.81,50,mid,9000,596,556,34.38%,0.4919723552653,SLAN,N/A,"13:30:35 ET"
UBER,71.18,2026-10-02,Put,70,21,"1.70 x 292","1.81 x 450",1.81,50,ask,9000,123,447,35.31%,-0.3975252893,AUTO,N/A,"10:42:15 ET"
UBER,71.8892,2026-09-18,Call,72,7,"1.29 x 87","1.37 x 59",1.33,68,mid,9000,2323,2968,34.49%,0.50247596316657,AUTO,N/A,"13:45:17 ET"
UBER,71.525,2026-10-16,Put,70,35,"2.23 x 32","2.26 x 40",2.26,40,ask,9000,344,5869,34.35%,-0.3888589397,AUTO,N/A,"12:19:15 ET"
UBER,71.49,2027-03-19,Call,100,189,"1.76 x 5","1.83 x 1",1.8,50,mid,9000,1403,3199,41.01%,0.17885881275279,AUTO,N/A,"14:11:10 ET"
UBER,71.105,2026-09-11,Put,72,0,"0.71 x 194","0.90 x 100",0.9,100,ask,9000,2281,3762,13.89%,-0.9627570272,AUTO,N/A,"14:22:14 ET"
UBER,72.245,2026-10-23,Call,80,42,"1.12 x 80","1.20 x 27",1.12,80,bid,8900,1502,660,37.17%,0.23824262102831,AUTO,N/A,"10:04:50 ET"
UBER,71.335,2026-10-16,Put,65,35,"0.87 x 100","0.88 x 197",0.87,100,bid,8700,298,22329,36.30%,-0.1809738203,AUTO,N/A,"10:48:01 ET"
UBER,71.81,2026-10-16,Call,75,35,"1.84 x 191","1.90 x 45",1.9,45,ask,8500,1613,5812,34.57%,0.37471946964467,AUTO,N/A,"15:46:15 ET"
UBER,71.89,2026-10-02,Call,75,21,"1.24 x 100","1.31 x 325",1.31,65,ask,8500,296,235,35.45%,0.33322790485076,AUTO,N/A,"10:12:11 ET"
UBER,71.09,2026-09-25,Call,72,14,"1.62 x 11","1.70 x 14",1.7,50,ask,8500,394,556,36.52%,0.45119414434235,AUTO,N/A,"10:47:13 ET"
UBER,71.525,2026-09-25,Put,72,14,"2.06 x 112","2.12 x 40",2.12,40,ask,8400,143,489,34.08%,-0.5200768842,AUTO,N/A,"12:20:40 ET"
UBER,71.7903,2026-09-18,Put,73,7,"1.99 x 96","2.08 x 48",2.05,41,mid,8400,327,6421,34.62%,-0.6235878027,MESL,N/A,"13:39:37 ET"
UBER,71.75,2026-11-20,Call,85,70,"1.25 x 33","1.27 x 67",1.27,66,ask,8300,793,3695,39.66%,0.19820455048209,AUTO,N/A,"15:34:55 ET"
UBER,72,2026-10-02,Call,75,21,"1.35 x 88","1.42 x 354",1.42,59,ask,8300,156,235,36.92%,0.34707981476616,AUTO,N/A,"09:44:46 ET"
UBER,71.37,2028-01-21,Call,150,497,"1.90 x 44","2.00 x 566",1.9,44,bid,8300,71,9558,42.72%,0.12926116606993,AUTO,N/A,"10:32:36 ET"
UBER,71.81,2026-09-18,Call,75,7,"0.33 x 231","0.35 x 157",0.34,244,mid,8200,6202,12568,33.75%,0.18627664363769,ISOI,N/A,"15:45:17 ET"
UBER,71.935,2026-10-02,Call,75,21,"1.36 x 60","1.41 x 299",1.36,60,bid,8100,218,235,35.93%,0.3383675845969,AUTO,N/A,"09:52:47 ET"
UBER,71.715,2026-09-11,Call,70,0,"1.43 x 800","1.70 x 48",1.7,48,ask,8100,692,1908,23.78%,0.97572189454551,AUTO,N/A,"13:24:00 ET"
UBER,71.525,2026-09-18,Call,71,7,"1.75 x 87","1.83 x 123",1.79,45,mid,8000,346,328,37.36%,0.57211396942684,MLET,N/A,"10:28:03 ET"
UBER,71.75,2026-09-25,Put,72,14,"1.99 x 45","2.00 x 40",2,40,ask,8000,237,489,33.55%,-0.5016712264,AUTO,N/A,"15:33:29 ET"
UBER,71.335,2026-12-18,Call,85,98,"1.82 x 43","1.94 x 553",1.82,43,bid,7800,334,3543,38.88%,0.23639233148294,AUTO,N/A,"10:48:31 ET"
UBER,71.715,2026-09-25,Put,72,14,"1.90 x 57","1.94 x 40",1.94,40,ask,7700,196,489,33.68%,-0.5045263688,AUTO,N/A,"13:54:30 ET"
UBER,71.49,2026-10-23,Put,68,42,"1.52 x 471","1.70 x 45",1.7,45,ask,7600,53,83,34.24%,-0.3016342071,AUTO,N/A,"14:11:41 ET"
UBER,71.72,2026-11-20,Call,85,70,"1.26 x 3","1.27 x 1",1.27,60,ask,7600,1024,3695,39.73%,0.19802198235828,SLAN,N/A,"15:52:57 ET"
UBER,71.72,2026-10-09,Call,75,28,"1.52 x 50","1.62 x 82",1.52,50,bid,7600,132,139,34.43%,0.34749013277419,AUTO,N/A,"15:53:04 ET"
UBER,72.225,2026-09-18,Call,75,7,"0.55 x 103","0.64 x 632",0.57,129,mid,7300,352,12568,37.05%,0.2432900652717,SLAN,N/A,"09:38:04 ET"
UBER,71.635,2026-09-25,Call,72,14,"1.74 x 152","1.86 x 83",1.83,40,mid,7300,540,556,34.51%,0.49169531311683,AUTO,N/A,"12:50:03 ET"
UBER,71.58,2026-09-11,Call,70,0,"1.53 x 321","1.59 x 46",1.59,46,ask,7300,868,1908,26.98%,0.94585148178201,AUTO,N/A,"15:24:38 ET"
UBER,71.335,2026-09-18,Put,71,7,"1.10 x 46","1.13 x 1",1.12,65,mid,7200,1026,1164,34.76%,-0.4468713079,AUTO,N/A,"11:45:58 ET"
UBER,71.65,2026-09-18,Call,75,7,"0.36 x 200","0.38 x 57",0.36,200,bid,7200,4952,12568,35.44%,0.18604968745128,AUTO,N/A,"15:08:33 ET"
UBER,71.32,2026-09-18,Call,71,7,"1.55 x 10","1.59 x 71",1.56,45,mid,7000,595,328,34.80%,0.55245877576254,MLAT,N/A,"11:51:40 ET"
UBER,71.525,2026-09-18,Put,70,7,"0.70 x 68","0.72 x 23",0.7,100,bid,7000,2922,12706,34.60%,-0.3133786368,SLAN,N/A,"12:24:22 ET"
UBER,72.11,2026-10-16,Call,77.5,35,"1.35 x 50","1.37 x 3",1.35,50,bid,6700,97,3509,35.49%,0.2847884366064,AUTO,N/A,"10:01:24 ET"
UBER,71.8,2026-09-25,Put,71,14,"1.42 x 21","1.46 x 55",1.43,47,mid,6700,370,545,33.37%,-0.4123867923,SLAN,N/A,"13:47:30 ET"
UBER,71.36,2026-09-11,Put,73,0,"1.53 x 379","1.77 x 61",1.68,40,mid,6700,564,5031,22.64%,-0.976208542,MLET,N/A,"12:14:56 ET"
UBER,71.585,2026-09-18,Call,72,7,"1.29 x 9","1.30 x 51",1.3,50,ask,6500,688,2968,36.96%,0.47059996297648,ISOI,N/A,"10:25:03 ET"
UBER,71.68,2026-09-18,Call,72,7,"1.20 x 4","1.30 x 20",1.27,50,mid,6300,3075,2968,34.30%,0.47791636123924,AUTO,N/A,"15:50:01 ET"
UBER,71.75,2026-11-20,Call,85,70,"1.25 x 37","1.27 x 67",1.27,50,ask,6300,793,3695,39.66%,0.19820455048209,SLAN,N/A,"15:33:11 ET"
UBER,71.7,2026-09-18,Call,75,7,"0.31 x 35","0.32 x 150",0.32,198,ask,6300,4700,12568,34.71%,0.18466575522086,AUTO,N/A,"15:00:07 ET"
UBER,71.68,2026-09-18,Call,72,7,"1.26 x 50","1.30 x 471",1.26,50,bid,6300,3075,2968,34.30%,0.47791636123924,AUTO,N/A,"15:50:40 ET"
UBER,71.7399,2026-09-18,Put,71,7,"0.95 x 65","0.97 x 12",0.95,65,bid,6100,1903,1164,33.36%,-0.3974353173,AUTO,N/A,"15:05:37 ET"
UBER,71.4599,2026-09-18,Call,73,7,"0.78 x 78","0.79 x 65",0.79,78,ask,6100,1821,879,35.25%,0.3452425023105,AUTO,N/A,"11:57:44 ET"
UBER,72,2026-09-11,Call,72,0,"0.60 x 100","0.64 x 59",0.6,100,bid,6000,546,2466,33.27%,0.50570998251646,AUTO,N/A,"09:42:04 ET"
UBER,71.105,2026-09-18,Put,71,7,"1.14 x 112","1.21 x 70",1.17,50,mid,5800,1740,1164,34.35%,-0.4735382599,MLET,N/A,"14:20:09 ET"
UBER,71.635,2026-09-11,Call,71,0,"0.60 x 58","0.65 x 90",0.65,90,ask,5800,5514,1451,13.41%,0.90235914391521,AUTO,N/A,"15:31:12 ET"
UBER,71.525,2026-09-18,Call,72,7,"1.25 x 98","1.33 x 166",1.29,45,mid,5800,789,2968,36.91%,0.46400951551854,MLET,N/A,"10:28:03 ET"
UBER,71.89,2026-09-18,Call,73,7,"1.15 x 50","1.16 x 19",1.15,50,bid,5700,571,879,36.60%,0.39616353276207,AUTO,N/A,"10:08:52 ET"
UBER,71.335,2026-09-18,Call,72,7,"1.15 x 50","1.18 x 135",1.15,50,bid,5700,1688,2968,35.40%,0.44015233635502,AUTO,N/A,"11:43:20 ET"
UBER,71.22,2026-09-11,Call,71,0,"0.58 x 99","0.59 x 76",0.58,99,bid,5700,3955,1451,23.03%,0.6074555294538,AUTO,N/A,"11:08:05 ET"
UBER,72,2026-10-23,Call,80,42,"0.96 x 324","1.14 x 50",1.14,50,ask,5600,282,660,37.13%,0.22972762865696,AUTO,N/A,"09:45:30 ET"
UBER,72,2026-10-23,Call,80,42,"0.92 x 590","1.14 x 50",1.14,50,ask,5600,282,660,37.13%,0.22972762865696,AUTO,N/A,"09:44:51 ET"
UBER,71.335,2026-10-16,Call,77.5,35,"1.13 x 50","1.15 x 11",1.13,50,bid,5600,485,3509,35.39%,0.25169472179633,AUTO,N/A,"11:44:39 ET"
UBER,71.23,2026-09-18,Call,72.5,7,"0.90 x 80","0.97 x 210",0.97,58,ask,5600,440,4342,36.91%,0.37956750915416,AUTO,N/A,"11:15:37 ET"
UBER,72.11,2026-10-23,Call,80,42,"1.05 x 100","1.13 x 231",1.12,50,mid,5600,1258,660,37.46%,0.23570877865334,AUTO,N/A,"09:58:03 ET"
UBER,72.94,2026-09-11,Call,73,0,"0.46 x 484","0.58 x 114",0.55,100,mid,5500,525,5733,33.45%,0.48684550034322,AUTO,N/A,"09:32:27 ET"
UBER,71.2,2026-10-30,Put,65,49,"0.98 x 234","1.10 x 50",1.1,50,ask,5500,53,22,35.54%,-0.2124340804,AUTO,BuyToOpen,"11:24:25 ET"
UBER,71.46,2026-09-18,Call,72,7,"1.06 x 65","1.14 x 74",1.1,50,mid,5500,2544,2968,34.36%,0.45231264996855,AUTO,N/A,"14:13:24 ET"
UBER,72.94,2026-10-02,Call,80,21,"0.48 x 63","0.55 x 200",0.55,100,ask,5500,124,2920,36.99%,0.165158809953,AUTO,N/A,"09:34:52 ET"
UBER,71.63,2026-09-18,Put,71,7,"1.01 x 94","1.03 x 2",1.01,54,bid,5400,1240,1164,34.16%,-0.4119442519,AUTO,N/A,"12:34:54 ET"
UBER,72.225,2026-09-25,Call,75,14,"1.03 x 659","1.16 x 165",1.09,50,mid,5400,382,1004,35.77%,0.31442521443652,SLAN,N/A,"09:37:01 ET"
UBER,71.4,2026-09-18,Call,72,7,"1.10 x 1","1.14 x 103",1.1,48,bid,5200,1515,2968,35.43%,0.44755056636276,AUTO,N/A,"11:38:49 ET"
UBER,71.64,2026-09-18,Put,69,7,"0.37 x 24","0.39 x 1",0.37,141,bid,5200,2198,4917,33.64%,-0.1996803131,MLET,N/A,"13:29:37 ET"
UBER,71.7903,2026-09-11,Put,73,0,"1.20 x 32","1.30 x 58",1.25,41,mid,5100,723,5031,25.88%,-0.8920706902,MESL,N/A,"13:39:37 ET"
UBER,71.63,2026-09-18,Call,72,7,"1.27 x 40","1.27 x 234",1.27,40,ask,5000,1955,2968,35.03%,0.47304341782387,AUTO,N/A,"12:37:11 ET"
UBER,71.715,2026-09-18,Put,69,7,"0.36 x 18","0.39 x 42",0.36,141,bid,5000,2052,4917,33.99%,-0.1958149839,MLAT,N/A,"13:27:09 ET"
UBER,72.225,2026-09-25,Call,75,14,"0.93 x 123","1.04 x 128",1,50,mid,5000,382,1004,35.77%,0.31442521443652,AUTO,N/A,"09:41:04 ET"
"Downloaded from Barchart.com as of 09-13-2026 01:54am CDT"
