Symbol,Price~,"Exp Date",DTE,Type,Strike,Moneyness,Bid,Latest,Ask,Volume,"Open Int",Vol/OI,"Imp Vol",IV,Delta,Time
SPY,764.29,2026-09-14,2,Put,766.00,+0.22%,2.74,2.74,2.77,56456,119,474.42,12.97%,8.13%,-0.637932,2026-09-11
QQQ,714.88,2026-09-14,2,Put,716.00,+0.16%,3.08,3.08,3.14,48613,106,458.61,18.29%,12.18%,-0.561566,2026-09-11
SPY,764.29,2026-09-14,2,Put,764.00,-0.04%,1.77,1.78,1.78,89305,209,427.3,12.97%,8.70%,-0.467904,2026-09-11
JETS,28.17,2026-09-18,6,Call,29.50,-4.72%,0.11,0.12,0.15,19724,108,182.63,31.94%,37.76%,0.179721,2026-09-11
IHI,50.88,2027-01-15,125,Put,50.00,-1.73%,1.45,2.15,2.75,65003,371,175.21,22.44%,23.38%,-0.39774,2026-09-11
SPY,764.29,2026-09-14,2,Put,763.00,-0.17%,1.41,1.42,1.42,33481,196,170.82,12.97%,9.03%,-0.391799,2026-09-11
IEF,91.01,2026-11-20,69,Call,94.00,-3.29%,0.21,0.23,0.24,20704,145,142.79,6.51%,6.50%,0.166496,2026-09-11
QQQ,714.88,2026-09-14,2,Put,713.00,-0.26%,1.88,1.89,1.9,15961,122,130.83,18.29%,13.16%,-0.385676,2026-09-11
ETHA,19.16,2026-09-25,13,Put,19.00,-0.84%,0.66,0.68,0.68,13035,104,125.34,52.19%,52.78%,-0.442576,2026-09-11
SPY,764.29,2026-09-14,2,Put,762.00,-0.30%,1.13,1.13,1.14,28637,285,100.48,12.97%,9.41%,-0.325364,2026-09-11
ETHA,19.16,2026-09-25,13,Call,16.00,+16.49%,3.15,3.27,3.3,9871,100,98.71,52.19%,59.63%,0.952491,2026-09-11
QQQ,714.88,2026-09-14,2,Call,718.00,-0.44%,1.11,1.12,1.14,37102,434,85.49,18.29%,10.97%,0.304896,2026-09-11
SPY,764.29,2026-09-14,2,Call,766.00,-0.22%,1.17,1.18,1.19,70985,901,78.78,12.97%,8.28%,0.367931,2026-09-11
QQQ,714.88,2026-09-14,2,Call,716.00,-0.16%,1.97,1.97,1.99,47077,619,76.05,18.29%,11.57%,0.437332,2026-09-11
XLV,165.36,2026-10-16,34,Put,162.00,-2.03%,0.36,2,3.5,9056,120,75.47,16.36%,17.64%,-0.324166,2026-09-11
TQQQ,70.98,2026-09-14,2,Put,71.00,+0.03%,0.74,0.77,0.79,11025,155,71.13,53.53%,36.32%,-0.496457,2026-09-11
QQQ,714.88,2026-09-14,2,Call,717.00,-0.30%,1.51,1.52,1.53,33572,510,65.83,18.29%,11.28%,0.371028,2026-09-11
SPY,764.29,2026-09-14,2,Put,761.00,-0.43%,0.91,0.9,0.92,21562,330,65.34,12.97%,9.81%,-0.269056,2026-09-11
SILJ,30.49,2026-09-18,6,Put,28.50,-6.53%,0.16,0.18,0.41,9636,151,63.81,50.81%,64.85%,-0.194937,2026-09-11
IWM,288.89,2026-10-09,27,Put,281.00,-2.73%,3,3.08,3.07,9900,156,63.46,18.32%,20.61%,-0.290605,2026-09-11
HYG,78.6,2026-12-18,97,Put,69.00,-12.21%,0,0.1,0.26,20001,345,57.97,5.56%,16.03%,-0.046929,2026-09-11
QQQ,714.88,2026-09-14,2,Call,719.00,-0.58%,0.8,0.81,0.82,16942,307,55.19,18.29%,10.72%,0.242589,2026-09-11
SPY,764.29,2026-09-14,2,Put,767.00,+0.35%,3.36,3.36,3.42,18297,337,54.29,12.97%,7.89%,-0.722941,2026-09-11
SPY,764.29,2026-09-14,2,Call,768.00,-0.49%,0.54,0.54,0.55,43241,817,52.93,12.97%,7.95%,0.213531,2026-09-11
QQQ,714.88,2026-09-14,2,Put,718.00,+0.44%,4.2,4.25,4.33,12255,237,51.71,18.29%,11.68%,-0.687106,2026-09-11
SPY,764.29,2026-09-14,2,Put,765.00,+0.09%,2.2,2.21,2.23,129614,2511,51.62,12.97%,8.39%,-0.55133,2026-09-11
SPY,764.29,2026-09-14,2,Call,769.00,-0.62%,0.35,0.36,0.36,33218,759,43.77,12.97%,7.89%,0.153103,2026-09-11
XLE,65.14,2026-09-14,2,Put,64.00,-1.75%,0.08,0.1,0.32,12597,293,42.99,26.47%,31.96%,-0.222819,2026-09-11
QQQ,714.88,2026-09-16,4,Put,716.00,+0.16%,5.44,5.5,5.5,4003,121,33.08,18.29%,16.76%,-0.526,2026-09-11
QQQ,714.88,2026-09-14,2,Put,715.00,+0.02%,2.62,2.65,2.66,61958,1977,31.34,18.29%,12.48%,-0.499389,2026-09-11
SILJ,30.49,2026-09-18,6,Call,31.50,-3.31%,0.35,0.35,0.41,4958,163,30.42,50.81%,49.05%,0.316542,2026-09-11
EWZ,38.19,2026-10-09,27,Call,45.00,-17.83%,0.01,0.16,0.24,10246,338,30.31,39.60%,40.43%,0.070152,2026-09-11
QQQ,714.88,2026-09-15,3,Call,717.00,-0.30%,2.45,2.47,2.5,5131,172,29.83,18.29%,12.95%,0.411479,2026-09-11
TLT,80.87,2026-09-14,2,Call,78.00,+3.55%,2.81,3.26,2.92,5600,191,29.32,11.18%,58.15%,0.80606,2026-09-11
QQQ,714.88,2026-09-15,3,Call,719.00,-0.58%,1.62,1.66,1.65,3487,124,28.12,18.29%,12.44%,0.315535,2026-09-11
SPY,764.29,2026-09-15,3,Put,734.00,-3.96%,0.12,0.12,0.13,5009,185,27.08,12.97%,22.30%,-0.021653,2026-09-11
QQQ,714.88,2026-10-02,20,Put,690.00,-3.48%,4.75,4.82,4.84,21288,796,26.74,18.29%,21.60%,-0.224567,2026-09-11
TLT,80.87,2026-09-14,2,Call,79.00,+2.31%,1.81,1.94,1.93,5114,193,26.5,11.18%,23.95%,0.908965,2026-09-11
SPY,764.29,2026-09-15,3,Put,761.00,-0.43%,1.54,1.54,1.55,4660,180,25.89,12.97%,10.71%,-0.319499,2026-09-11
SPY,764.29,2026-09-14,2,Put,759.00,-0.69%,0.6,0.6,0.61,23967,954,25.12,12.97%,10.65%,-0.183569,2026-09-11
HYG,78.6,2027-02-19,160,Put,74.00,-5.85%,0.39,0.42,0.64,25001,1007,24.83,5.56%,10.94%,-0.165884,2026-09-11
GDX,97.1,2026-09-25,13,Put,80.00,-17.61%,0,0.1,0.33,2500,101,24.75,44.30%,59.46%,-0.036484,2026-09-11
QQQ,714.88,2026-09-14,2,Put,707.00,-1.10%,0.65,0.65,0.66,14605,603,24.22,18.29%,15.11%,-0.155951,2026-09-11
ETHA,19.16,2026-09-25,13,Put,18.00,-6.05%,0.28,0.29,0.31,13762,569,24.19,52.19%,53.01%,-0.246447,2026-09-11
QQQ,714.88,2026-09-21,9,Put,715.00,+0.02%,7.33,7.3,7.46,8528,354,24.09,18.29%,16.94%,-0.488071,2026-09-11
SOXX,527.07,2026-10-16,34,Put,440.00,-16.52%,2.45,2.57,3,4205,179,23.49,36.87%,44.81%,-0.079066,2026-09-11
QQQ,714.88,2026-09-14,2,Put,706.00,-1.24%,0.54,0.55,0.55,12705,542,23.44,18.29%,15.41%,-0.132274,2026-09-11
SPY,764.29,2026-09-15,3,Call,766.00,-0.22%,1.88,1.91,1.9,9133,413,22.11,12.97%,9.35%,0.407822,2026-09-11
SPY,764.29,2026-09-15,3,Call,771.00,-0.88%,0.4,0.42,0.41,3289,155,21.22,12.97%,8.52%,0.135955,2026-09-11
KWEB,24.6,2026-09-25,13,Put,24.00,-2.44%,0.09,0.23,0.25,3901,185,21.09,27.90%,22.41%,-0.263842,2026-09-11
SPY,764.29,2026-09-17,5,Put,766.00,+0.22%,5.11,5.08,5.15,2295,110,20.86,12.97%,12.20%,-0.551966,2026-09-11
QQQ,714.88,2026-09-15,3,Put,699.00,-2.22%,0.52,0.49,0.54,2553,125,20.42,18.29%,18.97%,-0.091938,2026-09-11
SQQQ,38.87,2026-10-16,34,Call,39.00,-0.33%,2.3,2.43,2.55,4286,212,20.22,58.01%,51.25%,0.531464,2026-09-11
QQQ,714.88,2026-09-14,2,Call,723.00,-1.14%,0.16,0.17,0.17,10826,541,20.01,18.29%,10.14%,0.069755,2026-09-11
QQQ,714.88,2026-09-14,2,Put,712.00,-0.40%,1.58,1.6,1.61,11181,567,19.72,18.29%,13.50%,-0.335738,2026-09-11
QQQ,714.88,2026-09-15,3,Call,718.00,-0.44%,2.01,2.07,2.05,2318,119,19.48,18.29%,12.69%,0.363356,2026-09-11
EWZ,38.19,2026-10-09,27,Call,44.00,-15.21%,0.2,0.26,0.4,10328,542,19.06,39.60%,45.59%,0.132697,2026-09-11
SPY,764.29,2026-09-15,3,Call,769.00,-0.62%,0.8,0.82,0.81,3768,199,18.93,12.97%,8.76%,0.229196,2026-09-11
SLV,58.12,2026-09-16,4,Put,55.00,-5.37%,0.11,0.13,0.13,4970,269,18.48,41.81%,41.79%,-0.098237,2026-09-11
QQQ,714.88,2026-09-15,3,Call,727.00,-1.70%,0.14,0.15,0.15,2344,134,17.49,18.29%,11.00%,0.049003,2026-09-11
SPY,764.29,2026-10-30,48,Put,727.00,-4.88%,5.52,5.55,5.55,11752,683,17.21,12.97%,17.84%,-0.196084,2026-09-11
QQQ,714.88,2026-09-14,2,Put,711.00,-0.54%,1.33,1.33,1.35,16338,970,16.84,18.29%,13.83%,-0.290526,2026-09-11
SPY,764.29,2026-09-14,2,Call,764.00,+0.04%,2.19,2.19,2.21,20292,1206,16.83,12.97%,8.83%,0.533513,2026-09-11
GDX,97.1,2026-09-18,6,Call,101.00,-4.02%,0.89,0.95,1.01,24267,1475,16.45,44.30%,47.33%,0.271295,2026-09-11
GLD,398.77,2026-09-17,5,Call,418.00,-4.82%,0.4,0.48,0.53,2039,126,16.18,23.64%,27.97%,0.079658,2026-09-11
SPY,764.29,2026-09-14,2,Call,771.00,-0.88%,0.14,0.15,0.15,15964,990,16.13,12.97%,7.95%,0.072558,2026-09-11
QQQ,714.88,2026-09-14,2,Call,714.00,+0.12%,3.09,3.11,3.11,12354,770,16.04,18.29%,12.16%,0.564007,2026-09-11
IWM,288.89,2026-10-02,20,Put,265.00,-8.27%,0.63,0.63,0.67,2042,128,15.95,18.32%,26.90%,-0.077345,2026-09-11
QQQ,714.88,2026-09-16,4,Call,732.00,-2.39%,0.2,0.21,0.22,2007,128,15.68,18.29%,13.48%,0.050038,2026-09-11
USO,154.9,2026-09-16,4,Call,175.00,-12.98%,0.51,0.55,0.61,2638,170,15.52,55.86%,84.35%,0.091236,2026-09-11
IEF,91.01,2027-01-15,125,Call,91.00,+0.01%,1.49,1.57,1.57,1603,104,15.41,6.51%,5.13%,0.619979,2026-09-11
QQQ,714.88,2026-09-15,3,Put,710.00,-0.68%,1.93,1.99,1.99,20374,1373,14.84,18.29%,15.48%,-0.304409,2026-09-11
TLT,80.87,2026-09-18,6,Call,77.00,+4.79%,3.85,4.35,4,2002,139,14.4,11.18%,21.20%,0.966159,2026-09-11
IEF,91.01,2026-12-18,97,Call,96.00,-5.48%,0.15,0.16,0.16,4624,326,14.18,6.51%,6.99%,0.101033,2026-09-11
USO,154.9,2026-09-16,4,Put,153.00,-1.23%,3.1,3.25,3.4,2612,185,14.12,55.86%,64.64%,-0.412479,2026-09-11
SPY,764.29,2026-09-14,2,Call,767.00,-0.35%,0.81,0.81,0.82,44346,3152,14.07,12.97%,8.08%,0.286421,2026-09-11
SPY,764.29,2026-09-14,2,Put,769.00,+0.62%,4.89,4.98,4.97,2890,206,14.03,12.97%,7.50%,-0.866989,2026-09-11
SPY,764.29,2026-09-16,4,Put,749.00,-2.00%,0.74,0.72,0.75,2852,204,13.98,12.97%,16.44%,-0.115301,2026-09-11
IBIT,43.77,2026-09-14,2,Call,44.50,-1.67%,0.17,0.18,0.2,6315,453,13.94,37.44%,35.15%,0.269249,2026-09-11
SPY,764.29,2026-09-15,3,Call,772.00,-1.01%,0.28,0.29,0.29,4969,361,13.76,12.97%,8.50%,0.10208,2026-09-11
SPY,764.29,2026-09-21,9,Put,725.00,-5.14%,0.51,0.52,0.52,1496,109,13.72,12.97%,20.76%,-0.049016,2026-09-11
QQQ,714.88,2026-09-16,4,Put,691.00,-3.34%,0.62,0.61,0.63,1615,118,13.69,18.29%,23.35%,-0.078429,2026-09-11
XBI,156.2,2026-10-16,34,Put,153.00,-2.05%,3.5,3.75,4,2325,171,13.6,28.24%,28.65%,-0.377612,2026-09-11
SPY,764.29,2026-10-09,27,Put,670.00,-12.34%,0.76,0.76,0.77,3003,224,13.41,12.97%,27.33%,-0.033345,2026-09-11
TLT,80.87,2026-09-18,6,Call,76.00,+6.02%,4.85,4.95,5,2616,198,13.21,11.18%,25.86%,0.971075,2026-09-11
USO,154.9,2028-01-21,496,Call,260.00,-67.85%,6.2,7.95,8.75,2240,171,13.1,55.86%,39.83%,0.222308,2026-09-11
IWM,288.89,2026-09-14,2,Put,289.00,+0.04%,0.97,0.98,1.01,12852,984,13.06,18.32%,11.16%,-0.511373,2026-09-11
QQQ,714.88,2026-09-14,2,Call,720.00,-0.72%,0.56,0.58,0.58,33583,2717,12.36,18.29%,10.54%,0.18717,2026-09-11
SPY,764.29,2026-09-14,2,Call,765.00,-0.09%,1.63,1.64,1.65,85046,6907,12.31,12.97%,8.52%,0.452032,2026-09-11
IWM,288.89,2026-09-21,9,Call,278.00,+3.77%,9.92,11.62,11.87,1553,128,12.13,18.32%,21.16%,0.883199,2026-09-11
QQQ,714.88,2026-09-14,2,Call,721.00,-0.86%,0.38,0.39,0.39,7273,608,11.96,18.29%,10.35%,0.138738,2026-09-11
ETHA,19.16,2026-09-18,6,Put,19.50,+1.77%,0.69,0.77,0.75,1453,122,11.91,52.19%,54.55%,-0.583305,2026-09-11
TQQQ,70.98,2026-09-14,2,Put,69.00,-2.79%,0.21,0.21,0.23,4331,368,11.77,53.53%,42.57%,-0.178964,2026-09-11
QQQ,714.88,2026-09-14,2,Call,715.00,-0.02%,2.5,2.52,2.52,34621,2949,11.74,18.29%,11.87%,0.502212,2026-09-11
SPY,764.29,2026-09-15,3,Put,765.00,+0.09%,2.9,2.89,2.92,21933,1874,11.7,12.97%,9.47%,-0.533713,2026-09-11
TQQQ,70.98,2026-09-14,2,Put,72.00,+1.44%,1.25,1.26,1.4,2763,237,11.66,53.53%,33.64%,-0.710801,2026-09-11
IWM,288.89,2026-09-14,2,Put,286.00,-1.00%,0.28,0.28,0.29,8320,714,11.65,18.32%,14.54%,-0.17061,2026-09-11
XLF,57.25,2026-10-16,34,Put,56.00,-2.18%,0.53,0.61,1.32,186512,16029,11.64,15.49%,21.97%,-0.347185,2026-09-11
SPY,764.29,2026-09-14,2,Put,754.00,-1.35%,0.23,0.24,0.24,7839,674,11.63,12.97%,12.75%,-0.072831,2026-09-11
SOXL,121.82,2026-09-14,2,Put,120.00,-1.49%,1.87,1.93,2.13,3062,266,11.51,106.28%,79.16%,-0.386248,2026-09-11
IBIT,43.77,2026-12-18,97,Call,56.00,-27.94%,0.75,0.94,0.79,10705,934,11.46,37.44%,42.49%,0.166343,2026-09-11
SPY,764.29,2026-09-14,2,Put,760.00,-0.56%,0.73,0.74,0.74,35158,3086,11.39,12.97%,10.19%,-0.221288,2026-09-11
SPY,764.29,2026-09-15,3,Put,767.00,+0.35%,3.94,4,4.03,3373,302,11.17,12.97%,9.00%,-0.660388,2026-09-11
QQQ,714.88,2026-09-15,3,Call,722.00,-1.00%,0.75,0.75,0.78,2542,231,11,18.29%,11.77%,0.184514,2026-09-11
SLV,58.12,2026-09-16,4,Put,56.00,-3.65%,0.24,0.25,0.25,3916,363,10.79,41.81%,40.22%,-0.180812,2026-09-11
IWM,288.89,2026-10-09,27,Call,296.00,-2.46%,2.48,2.58,2.55,2173,202,10.76,18.32%,16.21%,0.313299,2026-09-11
IBIT,43.77,2026-09-16,4,Call,46.00,-5.09%,0.13,0.12,0.15,14764,1385,10.66,37.44%,43.01%,0.141755,2026-09-11
SPY,764.29,2026-09-16,4,Call,766.00,-0.22%,3.04,3.03,3.07,1993,188,10.6,12.97%,11.74%,0.439741,2026-09-11
VXX,18.07,2026-09-18,6,Call,19.50,-7.91%,0.11,0.12,0.14,6549,620,10.56,56.95%,60.11%,0.173091,2026-09-11
QQQ,714.88,2026-09-14,2,Put,710.00,-0.68%,1.11,1.14,1.14,28946,2769,10.45,18.29%,14.17%,-0.250315,2026-09-11
SOXL,121.82,2026-09-16,4,Put,116.00,-4.78%,2.37,2.74,2.89,1128,108,10.44,106.28%,101.31%,-0.302242,2026-09-11
SPY,764.29,2026-09-17,5,Put,751.00,-1.74%,1.31,1.32,1.32,1119,108,10.36,12.97%,16.13%,-0.169365,2026-09-11
QQQ,714.88,2026-09-16,4,Call,716.00,-0.16%,4.41,4.49,4.48,1678,162,10.36,18.29%,16.29%,0.475103,2026-09-11
USO,154.9,2026-09-25,13,Put,142.00,-8.33%,1.78,2.06,2.23,1231,120,10.26,55.86%,58.92%,-0.198203,2026-09-11
QQQ,714.88,2026-09-14,2,Put,704.00,-1.52%,0.37,0.39,0.39,6599,656,10.06,18.29%,16.05%,-0.095013,2026-09-11
QQQ,714.88,2026-09-15,3,Put,708.00,-0.96%,1.52,1.55,1.55,1998,199,10.04,18.29%,16.09%,-0.246253,2026-09-11
QQQ,714.88,2026-09-15,3,Put,707.00,-1.10%,1.35,1.28,1.37,1152,116,9.93,18.29%,16.41%,-0.22111,2026-09-11
GDX,97.1,2026-09-25,13,Call,105.00,-8.14%,0.73,0.65,0.94,6855,691,9.92,44.30%,44.68%,0.192083,2026-09-11
QQQ,714.88,2026-09-14,2,Put,701.00,-1.94%,0.22,0.22,0.23,3093,312,9.91,18.29%,17.06%,-0.057941,2026-09-11
SOXL,121.82,2026-09-25,13,Put,84.00,-31.05%,0.54,0.76,0.92,1220,124,9.84,106.28%,131.62%,-0.052027,2026-09-11
QQQ,714.88,2026-09-25,13,Call,748.00,-4.63%,0.31,0.32,0.34,4057,416,9.75,18.29%,13.58%,0.04373,2026-09-11
SPY,764.29,2026-09-25,13,Put,760.00,-0.56%,5.7,5.8,5.76,22882,2357,9.71,12.97%,13.87%,-0.398228,2026-09-11
SPY,764.29,2026-10-16,34,Put,727.00,-4.88%,3.7,3.73,3.73,36540,3769,9.69,12.97%,18.00%,-0.163377,2026-09-11
QQQ,714.88,2026-09-15,3,Put,709.00,-0.82%,1.72,1.75,1.75,4884,505,9.67,18.29%,15.79%,-0.274046,2026-09-11
SOXL,121.82,2026-09-14,2,Put,113.00,-7.24%,0.36,0.4,0.49,1229,130,9.45,106.28%,85.52%,-0.110873,2026-09-11
SPY,764.29,2026-09-14,2,Put,757.00,-0.95%,0.4,0.4,0.41,11542,1223,9.44,12.97%,11.47%,-0.125242,2026-09-11
SPY,764.29,2026-09-14,2,Put,758.00,-0.82%,0.49,0.5,0.5,13449,1431,9.4,12.97%,11.07%,-0.151695,2026-09-11
SPY,764.29,2026-10-09,27,Put,690.00,-9.72%,1.09,1.1,1.11,2935,315,9.32,12.97%,23.94%,-0.05138,2026-09-11
SOXX,527.07,2026-09-25,13,Put,460.00,-12.73%,0.85,1,1.05,1160,125,9.28,36.87%,45.16%,-0.04913,2026-09-11
QQQ,714.88,2026-09-16,4,Put,689.00,-3.62%,0.53,0.55,0.55,1290,140,9.21,18.29%,24.00%,-0.067691,2026-09-11
SPY,764.29,2026-09-25,13,Call,790.00,-3.36%,0.18,0.18,0.19,10997,1202,9.15,12.97%,9.34%,0.0349,2026-09-11
QQQ,714.88,2026-09-14,2,Put,708.00,-0.96%,0.78,0.79,0.79,7030,769,9.14,18.29%,14.79%,-0.183171,2026-09-11
SPY,764.29,2026-09-25,13,Call,786.00,-2.84%,0.34,0.34,0.35,4947,542,9.13,12.97%,9.20%,0.060649,2026-09-11
SPY,764.29,2026-09-15,3,Call,767.00,-0.35%,1.45,1.47,1.46,5353,587,9.12,12.97%,9.12%,0.345597,2026-09-11
QQQ,714.88,2026-09-15,3,Call,721.00,-0.86%,0.99,1,1.02,2527,279,9.06,18.29%,11.98%,0.225185,2026-09-11
QQQ,714.88,2026-09-14,2,Put,698.00,-2.36%,0.14,0.15,0.15,3567,394,9.05,18.29%,18.30%,-0.037288,2026-09-11
GLD,398.77,2026-09-16,4,Call,413.00,-3.57%,0.48,0.47,0.54,1101,122,9.02,23.64%,25.71%,0.101213,2026-09-11
SPY,764.29,2026-09-24,12,Put,750.00,-1.87%,2.98,3.05,3.01,1582,177,8.94,12.97%,15.40%,-0.236398,2026-09-11
TQQQ,70.98,2026-10-09,27,Call,85.00,-19.75%,0.18,0.3,0.36,6787,760,8.93,53.53%,43.57%,0.07502,2026-09-11
QQQ,714.88,2026-09-15,3,Put,712.00,-0.40%,2.48,2.5,2.52,2659,302,8.8,18.29%,14.86%,-0.373305,2026-09-11
QQQ,714.88,2026-09-15,3,Call,724.00,-1.28%,0.41,0.43,0.43,2277,263,8.66,18.29%,11.43%,0.116486,2026-09-11
IWM,288.89,2026-09-17,5,Put,291.00,+0.73%,3.89,4.05,4.08,1018,119,8.55,18.32%,21.14%,-0.606999,2026-09-11
QQQ,714.88,2026-09-15,3,Put,703.00,-1.66%,0.82,0.81,0.86,1267,149,8.5,18.29%,17.67%,-0.142429,2026-09-11
SPY,764.29,2026-09-14,2,Call,763.00,+0.17%,2.83,2.85,2.86,8449,1001,8.44,12.97%,9.17%,0.608013,2026-09-11
QQQ,714.88,2026-09-15,3,Call,723.00,-1.14%,0.56,0.56,0.58,2452,291,8.43,18.29%,11.58%,0.147855,2026-09-11
SPY,764.29,2026-09-15,3,Call,758.00,+0.82%,7.36,7.5,7.64,3109,371,8.38,12.97%,12.05%,0.782936,2026-09-11
QQQ,714.88,2026-09-16,4,Call,718.00,-0.44%,3.44,3.47,3.48,3211,383,8.38,18.29%,15.90%,0.408262,2026-09-11
GLD,398.77,2026-09-18,6,Put,396.00,-0.69%,3.8,3.85,3.95,1713,205,8.36,23.64%,25.74%,-0.404131,2026-09-11
XLE,65.14,2026-11-20,69,Call,71.00,-9.00%,1.07,1.1,1.17,829,100,8.29,26.47%,26.82%,0.258654,2026-09-11
DIA,525.79,2026-10-02,20,Put,495.00,-5.86%,0.75,0.88,0.96,1003,121,8.29,13.08%,19.09%,-0.079085,2026-09-11
QQQ,714.88,2026-10-09,27,Call,753.00,-5.33%,1.51,1.64,1.59,1010,123,8.21,18.29%,14.79%,0.112844,2026-09-11
SPY,764.29,2026-09-16,4,Call,767.00,-0.35%,2.56,2.57,2.58,1261,155,8.14,12.97%,11.51%,0.396192,2026-09-11
SPY,764.29,2026-09-25,13,Put,740.00,-3.18%,1.92,1.92,1.94,26498,3316,7.99,12.97%,17.15%,-0.148867,2026-09-11
SPY,764.29,2026-10-09,27,Call,810.00,-5.98%,0.19,0.2,0.2,2311,290,7.97,12.97%,10.38%,0.024238,2026-09-11
QQQ,714.88,2026-09-25,13,Call,729.00,-1.98%,3.02,3.02,3.1,4066,511,7.96,18.29%,14.74%,0.258612,2026-09-11
SOXL,121.82,2026-09-14,2,Put,117.00,-3.96%,0.92,0.97,1.2,791,100,7.91,106.28%,80.86%,-0.239641,2026-09-11
QQQ,714.88,2026-09-14,2,Put,709.00,-0.82%,0.93,0.93,0.95,7184,918,7.83,18.29%,14.48%,-0.214496,2026-09-11
ITB,89.54,2028-01-21,496,Put,85.00,-5.07%,6.5,8.8,11.4,1357,174,7.8,30.63%,32.00%,-0.338054,2026-09-11
QQQ,714.88,2026-09-16,4,Put,709.00,-0.82%,2.93,2.96,2.96,1996,258,7.74,18.29%,18.38%,-0.324633,2026-09-11
DRAM,59.1,2026-09-14,2,Call,59.00,+0.17%,0.66,0.75,0.86,1675,218,7.68,60.02%,40.35%,0.530901,2026-09-11
SPY,764.29,2026-09-16,4,Call,764.00,+0.04%,4.15,4.14,4.18,1719,224,7.67,12.97%,12.23%,0.523611,2026-09-11
DRAM,59.1,2026-10-16,34,Put,58.00,-1.86%,3.45,3.6,3.75,1550,204,7.6,60.02%,59.07%,-0.417555,2026-09-11
TMF,29.31,2026-10-02,20,Call,30.50,-4.06%,0.29,0.41,0.38,820,108,7.59,32.24%,28.26%,0.286198,2026-09-11
SPY,764.29,2026-09-15,3,Put,756.00,-1.08%,0.75,0.75,0.76,2439,322,7.57,12.97%,12.56%,-0.163245,2026-09-11
SPY,764.29,2026-09-22,10,Put,760.00,-0.56%,4.74,4.8,4.79,2483,329,7.55,12.97%,13.71%,-0.387303,2026-09-11
SOXL,121.82,2026-09-16,4,Put,115.00,-5.60%,2.16,2.51,2.68,1070,142,7.54,106.28%,104.01%,-0.278654,2026-09-11
IWM,288.89,2026-09-15,3,Put,291.00,+0.73%,2.94,3.13,3.15,4888,650,7.52,18.32%,17.51%,-0.670835,2026-09-11
QQQ,714.88,2026-09-16,4,Put,715.00,+0.02%,4.98,5.05,5.06,5733,767,7.47,18.29%,16.99%,-0.493967,2026-09-11
IBIT,43.77,2026-09-14,2,Call,44.00,-0.53%,0.3,0.36,0.37,3791,510,7.43,37.44%,33.71%,0.424792,2026-09-11
SOXL,121.82,2026-09-25,13,Put,60.00,-50.75%,0.05,0.13,0.19,1448,196,7.39,106.28%,168.39%,-0.008404,2026-09-11
GLD,398.77,2026-09-14,2,Put,400.00,+0.31%,2.73,2.79,2.91,1344,183,7.34,23.64%,18.57%,-0.581819,2026-09-11
SPY,764.29,2026-09-15,3,Call,755.00,+1.22%,10.01,10.08,10.26,3770,515,7.32,12.97%,13.05%,0.855015,2026-09-11
SPY,764.29,2026-09-14,2,Put,756.00,-1.08%,0.33,0.34,0.34,6903,948,7.28,12.97%,11.89%,-0.103988,2026-09-11
ARKG,45.56,2028-01-21,496,Put,27.00,-40.74%,1.7,1.9,2.3,945,130,7.27,49.21%,53.36%,-0.110001,2026-09-11
EWY,188.72,2026-09-25,13,Put,170.00,-9.92%,0.84,1.01,1.11,2396,330,7.26,45.87%,47.66%,-0.113577,2026-09-11
IWM,288.89,2026-09-15,3,Put,281.00,-2.73%,0.15,0.16,0.18,818,113,7.24,18.32%,20.79%,-0.068275,2026-09-11
BITX,17.03,2026-09-25,13,Call,18.00,-5.70%,0.5,0.53,0.58,912,127,7.18,74.96%,71.28%,0.368816,2026-09-11
SPY,764.29,2026-09-15,3,Call,757.00,+0.95%,8.24,8.13,8.48,4654,649,7.17,12.97%,12.39%,0.810163,2026-09-11
GLD,398.77,2026-09-14,2,Put,394.00,-1.20%,0.6,0.62,0.64,714,101,7.07,23.64%,19.34%,-0.194783,2026-09-11
SPY,764.29,2026-09-14,2,Put,749.00,-2.00%,0.11,0.12,0.12,3635,517,7.03,12.97%,15.11%,-0.03399,2026-09-11
SPY,764.29,2028-06-16,643,Put,840.00,+9.91%,88.5,88.98,89.17,2778,396,7.02,12.97%,15.05%,-0.664733,2026-09-11
SOXL,121.82,2026-09-14,2,Put,110.00,-9.70%,0.18,0.22,0.24,2807,402,6.98,106.28%,90.13%,-0.058672,2026-09-11
SQQQ,38.87,2027-01-15,125,Put,100.00,+157.27%,61.05,62.25,64.15,889,129,6.89,58.01%,127.91%,-0.825744,2026-09-11
QQQ,714.88,2026-09-15,3,Call,726.00,-1.56%,0.2,0.2,0.22,1108,162,6.84,18.29%,11.11%,0.066719,2026-09-11
SPY,764.29,2026-09-15,3,Call,768.00,-0.49%,1.09,1.11,1.1,3798,561,6.77,12.97%,8.92%,0.285307,2026-09-11
TLT,80.87,2026-09-25,13,Put,79.50,-1.69%,0.21,0.22,0.22,5631,843,6.68,11.18%,11.79%,-0.20931,2026-09-11
SMH,568.53,2026-09-25,13,Put,450.00,-20.85%,0.14,0.31,0.41,1144,172,6.65,32.10%,56.92%,-0.01251,2026-09-11
IWM,288.89,2026-09-14,2,Put,287.00,-0.65%,0.42,0.42,0.44,8202,1258,6.52,18.32%,13.46%,-0.24943,2026-09-11
SPY,764.29,2026-09-17,5,Put,767.00,+0.35%,5.54,5.36,5.71,1209,186,6.5,12.97%,11.97%,-0.589872,2026-09-11
SOXX,527.07,2026-10-16,34,Call,565.00,-7.20%,8.7,9.9,11,1504,232,6.48,36.87%,35.62%,0.289838,2026-09-11
SPY,764.29,2026-09-16,4,Put,761.00,-0.43%,2.56,2.55,2.58,827,128,6.46,12.97%,12.81%,-0.364306,2026-09-11
IWM,288.89,2026-09-16,4,Call,293.00,-1.42%,0.54,0.55,0.57,923,146,6.32,18.32%,15.96%,0.205949,2026-09-11
TMF,29.31,2026-09-18,6,Call,30.50,-4.06%,0.12,0.12,0.14,1123,178,6.31,32.24%,34.17%,0.188189,2026-09-11
GLD,398.77,2026-09-18,6,Call,423.00,-6.08%,0.34,0.32,0.38,2731,434,6.29,23.64%,28.66%,0.058132,2026-09-11
USO,154.9,2026-09-18,6,Call,154.00,+0.58%,5.45,5.5,5.6,3995,637,6.27,55.86%,63.50%,0.547608,2026-09-11
SILJ,30.49,2026-10-16,34,Call,36.00,-18.07%,0.44,0.55,0.63,1034,166,6.23,50.81%,56.79%,0.197127,2026-09-11
SPY,764.29,2026-09-16,4,Call,773.00,-1.14%,0.69,0.7,0.7,1569,254,6.18,12.97%,10.48%,0.158585,2026-09-11
QQQ,714.88,2026-09-17,5,Put,650.00,-9.08%,0.19,0.19,0.2,6012,974,6.17,18.29%,38.71%,-0.016522,2026-09-11
QQQ,714.88,2026-09-16,4,Put,711.00,-0.54%,3.52,3.56,3.55,628,102,6.16,18.29%,17.93%,-0.376293,2026-09-11
SPY,764.29,2026-09-17,5,Put,762.00,-0.30%,3.51,3.6,3.55,1268,207,6.13,12.97%,13.17%,-0.412053,2026-09-11
QQQ,714.88,2026-09-15,3,Put,715.00,+0.02%,3.54,3.58,3.62,10802,1761,6.13,18.29%,13.94%,-0.496185,2026-09-11
COPX,88.53,2026-09-18,6,Put,88.00,-0.60%,1.6,1.91,2.4,1488,244,6.1,44.49%,50.45%,-0.447218,2026-09-11
SPY,764.29,2026-09-16,4,Call,769.00,-0.62%,1.75,1.77,1.76,1133,186,6.09,12.97%,11.11%,0.30956,2026-09-11
QQQ,714.88,2026-09-14,2,Put,697.00,-2.50%,0.12,0.13,0.13,1772,291,6.09,18.29%,18.69%,-0.032154,2026-09-11
SPY,764.29,2026-09-14,2,Call,770.00,-0.75%,0.22,0.23,0.23,29884,4915,6.08,12.97%,7.87%,0.105761,2026-09-11
SPY,764.29,2026-09-14,2,Call,754.00,+1.35%,10.59,10.82,10.73,871,145,6.01,12.97%,13.05%,0.922651,2026-09-11
SPY,764.29,2026-09-21,9,Put,755.00,-1.22%,3.06,3.13,3.1,8543,1427,5.99,12.97%,14.47%,-0.282584,2026-09-11
SPY,764.29,2026-09-15,3,Put,759.00,-0.69%,1.14,1.13,1.15,2992,500,5.98,12.97%,11.42%,-0.243515,2026-09-11
SPY,764.29,2026-09-17,5,Put,754.00,-1.35%,1.7,1.71,1.71,597,100,5.97,12.97%,15.30%,-0.216428,2026-09-11
SPY,764.29,2026-09-15,3,Call,773.00,-1.14%,0.19,0.19,0.2,2930,491,5.97,12.97%,8.47%,0.074492,2026-09-11
IWM,288.89,2026-09-14,2,Call,292.00,-1.08%,0.14,0.15,0.16,8567,1438,5.96,18.32%,12.05%,0.118958,2026-09-11
XLF,57.25,2026-10-09,27,Call,57.50,-0.44%,0.55,0.78,0.88,661,111,5.95,15.49%,12.63%,0.477198,2026-09-11
SPY,764.29,2026-10-30,48,Put,685.00,-10.37%,2.42,2.35,2.45,8045,1363,5.9,12.97%,22.99%,-0.081311,2026-09-11
SPY,764.29,2026-09-17,5,Put,761.00,-0.43%,3.2,3.21,3.24,636,108,5.89,12.97%,13.44%,-0.381365,2026-09-11
SPY,764.29,2026-09-17,5,Call,774.00,-1.27%,0.89,0.89,0.9,2094,357,5.87,12.97%,10.96%,0.171396,2026-09-11
SPY,764.29,2026-09-25,13,Call,785.00,-2.71%,0.4,0.39,0.41,23150,3952,5.86,12.97%,9.18%,0.069633,2026-09-11
QQQ,714.88,2026-09-16,4,Call,729.00,-1.98%,0.43,0.45,0.46,1367,234,5.84,18.29%,13.79%,0.092932,2026-09-11
SPY,764.29,2026-09-21,9,Put,732.00,-4.22%,0.71,0.71,0.72,610,105,5.81,12.97%,19.07%,-0.069827,2026-09-11
TQQQ,70.98,2026-09-18,6,Put,69.50,-2.09%,1.29,1.38,1.48,974,168,5.8,53.53%,57.23%,-0.370417,2026-09-11
IWM,288.89,2026-10-02,20,Call,294.00,-1.77%,2.45,2.43,2.52,2356,407,5.79,18.32%,16.34%,0.343597,2026-09-11
QQQ,714.88,2026-09-25,13,Put,560.00,-21.67%,0.11,0.11,0.15,3417,591,5.78,18.29%,52.24%,-0.005598,2026-09-11
SOXX,527.07,2026-10-16,34,Put,430.00,-18.42%,1.75,2.14,2.3,1609,279,5.77,36.87%,45.72%,-0.060461,2026-09-11
QQQ,714.88,2026-09-18,6,Put,672.00,-6.00%,0.52,0.51,0.53,3958,699,5.66,18.29%,29.30%,-0.046628,2026-09-11
QQQ,714.88,2026-09-15,3,Call,716.00,-0.16%,2.95,2.95,3,4266,758,5.63,18.29%,13.22%,0.459218,2026-09-11
IBIT,43.77,2026-09-21,9,Put,43.00,-1.76%,0.57,0.61,0.63,608,109,5.58,37.44%,34.92%,-0.357571,2026-09-11
SPY,764.29,2026-09-15,3,Call,764.00,+0.04%,2.96,2.99,2.97,3181,570,5.58,12.97%,9.87%,0.528602,2026-09-11
SOXL,121.82,2026-09-14,2,Put,116.00,-4.78%,0.56,0.82,0.95,1287,232,5.55,106.28%,78.08%,-0.189664,2026-09-11
SOXL,121.82,2026-09-18,6,Put,102.00,-16.27%,0.99,1.02,1.21,887,160,5.54,106.28%,121.83%,-0.111512,2026-09-11
HYG,78.6,2027-02-19,160,Put,75.00,-4.58%,0.5,0.57,1.02,12500,2266,5.52,5.56%,11.17%,-0.221355,2026-09-11
QQQ,714.88,2026-09-14,2,Call,722.00,-1.00%,0.23,0.26,0.26,13425,2446,5.49,18.29%,10.11%,0.09746,2026-09-11
XBI,156.2,2026-09-18,6,Call,162.00,-3.71%,0.43,0.95,0.97,1296,237,5.47,28.24%,32.24%,0.198441,2026-09-11
TLT,80.87,2026-10-23,41,Put,81.50,+0.78%,1.51,1.42,1.53,703,129,5.45,11.18%,11.76%,-0.55433,2026-09-11
XLE,65.14,2026-09-16,4,Call,66.00,-1.32%,0.29,0.4,0.4,639,118,5.42,26.47%,25.07%,0.316274,2026-09-11
XLE,65.14,2026-10-02,20,Put,65.00,-0.21%,1.51,1.66,1.9,1566,289,5.42,26.47%,29.76%,-0.468361,2026-09-11
SLV,58.12,2026-09-25,13,Put,52.00,-10.53%,0.17,0.19,0.2,800,148,5.41,41.81%,44.01%,-0.081454,2026-09-11
IWM,288.89,2026-09-16,4,Call,291.00,-0.73%,1.09,1.11,1.14,947,175,5.41,18.32%,16.23%,0.343355,2026-09-11
SPY,764.29,2026-09-16,4,Call,774.00,-1.27%,0.53,0.53,0.54,1553,288,5.39,12.97%,10.38%,0.129363,2026-09-11
QQQ,714.88,2026-09-14,2,Call,713.00,+0.26%,3.74,3.72,3.76,4264,797,5.35,18.29%,12.45%,0.621561,2026-09-11
GLD,398.77,2026-09-14,2,Call,400.00,-0.31%,1.44,1.5,1.55,1438,270,5.33,23.64%,17.11%,0.41251,2026-09-11
SPY,764.29,2026-09-17,5,Put,765.00,+0.09%,4.65,4.68,4.69,4382,828,5.29,12.97%,12.42%,-0.514915,2026-09-11
SPY,764.29,2026-09-17,5,Put,759.00,-0.69%,2.67,2.72,2.68,866,164,5.28,12.97%,13.96%,-0.325291,2026-09-11
USO,154.9,2026-09-16,4,Call,155.00,-0.06%,4.05,4.2,4.25,1401,266,5.27,55.86%,64.45%,0.511993,2026-09-11
SPY,764.29,2026-09-15,3,Put,758.00,-0.82%,0.98,0.99,0.99,4841,920,5.26,12.97%,11.76%,-0.212075,2026-09-11
IWM,288.89,2027-02-19,160,Call,280.00,+3.08%,21.82,22.81,22.65,818,157,5.21,18.32%,20.64%,0.647824,2026-09-11
SPY,764.29,2026-09-15,3,Put,768.00,+0.49%,4.5,4.63,4.7,886,170,5.21,12.97%,8.67%,-0.725557,2026-09-11
XBI,156.2,2026-09-18,6,Call,152.00,+2.69%,5.05,5.25,6.35,1000,193,5.18,28.24%,39.27%,0.718493,2026-09-11
XLE,65.14,2026-10-02,20,Call,67.00,-2.86%,0.74,0.76,0.84,604,117,5.16,26.47%,24.63%,0.329835,2026-09-11
SPY,764.29,2026-09-15,3,Put,753.00,-1.48%,0.51,0.51,0.52,2998,581,5.16,12.97%,13.72%,-0.111351,2026-09-11
QQQ,714.88,2026-09-18,6,Put,716.00,+0.16%,6.88,6.95,7,5118,991,5.16,18.29%,17.87%,-0.515728,2026-09-11
IGV,101.52,2026-09-18,6,Call,102.00,-0.47%,1.21,1.35,1.57,2193,426,5.15,29.55%,30.60%,0.465699,2026-09-11
MSTY,14.68,2027-01-15,125,Call,18.00,-22.62%,0.05,0.51,1,965,188,5.13,65.92%,43.06%,0.264033,2026-09-11
IWM,288.89,2026-09-17,5,Put,275.00,-4.81%,0.26,0.31,0.3,2656,524,5.07,18.32%,28.41%,-0.065745,2026-09-11
BNO,61.37,2027-01-15,125,Put,55.00,-10.38%,3.5,3.7,3.8,1956,387,5.05,57.34%,48.83%,-0.286528,2026-09-11
SOXL,121.82,2026-09-14,2,Put,115.00,-5.60%,0.62,0.69,0.89,1705,338,5.04,106.28%,86.41%,-0.174731,2026-09-11
GLD,398.77,2026-09-14,2,Put,395.00,-0.95%,0.77,0.82,0.85,1969,391,5.04,23.64%,18.96%,-0.243116,2026-09-11
QQQ,714.88,2026-09-17,5,Put,658.00,-7.96%,0.23,0.24,0.24,617,123,5.02,18.29%,35.42%,-0.021136,2026-09-11
SPY,764.29,2028-12-15,825,Put,830.00,+8.60%,87.91,88.49,88.67,874,174,5.02,12.97%,16.11%,-0.593178,2026-09-11
SPY,764.29,2026-09-17,5,Put,743.00,-2.79%,0.7,0.72,0.71,626,125,5.01,12.97%,18.46%,-0.091067,2026-09-11
SPY,764.29,2026-09-16,4,Call,776.00,-1.53%,0.3,0.3,0.31,938,188,4.99,12.97%,10.21%,0.082282,2026-09-11
QQQ,714.88,2026-09-15,3,Put,704.00,-1.52%,0.93,0.93,0.96,1386,279,4.97,18.29%,17.34%,-0.158957,2026-09-11
SMH,568.53,2026-09-18,6,Call,587.50,-3.34%,2.38,2.38,2.95,3812,767,4.97,32.10%,30.80%,0.212877,2026-09-11
SPY,764.29,2026-09-16,4,Call,778.00,-1.79%,0.16,0.17,0.17,882,178,4.96,12.97%,10.08%,0.049262,2026-09-11
SPY,764.29,2026-09-21,9,Put,705.00,-7.76%,0.27,0.27,0.28,514,104,4.94,12.97%,26.25%,-0.023017,2026-09-11
QQQ,714.88,2026-10-02,20,Put,710.00,-0.68%,9.62,9.66,9.78,5938,1204,4.93,18.29%,18.75%,-0.416773,2026-09-11
SPY,764.29,2026-09-17,5,Put,758.00,-0.82%,2.43,2.45,2.45,1050,214,4.91,12.97%,14.22%,-0.300051,2026-09-11
SPY,764.29,2026-09-23,11,Put,755.00,-1.22%,3.68,3.63,3.72,1075,219,4.91,12.97%,14.52%,-0.299526,2026-09-11
SPY,764.29,2026-09-15,3,Put,749.00,-2.00%,0.32,0.33,0.33,1166,239,4.88,12.97%,15.27%,-0.069207,2026-09-11
QQQ,714.88,2028-12-15,825,Put,290.00,-59.43%,2.97,4.21,6.5,1492,307,4.86,18.29%,38.90%,-0.024319,2026-09-11
QQQ,714.88,2026-09-16,4,Call,728.00,-1.84%,0.56,0.54,0.58,770,160,4.81,18.29%,13.98%,0.112885,2026-09-11
SPY,764.29,2028-12-15,825,Put,840.00,+9.91%,93.39,93.29,94.15,552,115,4.8,12.97%,15.80%,-0.622367,2026-09-11
SPY,764.29,2026-09-21,9,Put,765.00,+0.09%,6.32,6.39,6.55,1566,327,4.79,12.97%,13.16%,-0.504118,2026-09-11
QQQ,714.88,2026-09-15,3,Put,702.00,-1.80%,0.73,0.71,0.76,1925,405,4.75,18.29%,17.98%,-0.127388,2026-09-11
QQQ,714.88,2026-09-17,5,Call,736.00,-2.95%,0.21,0.19,0.22,625,132,4.73,18.29%,14.30%,0.044108,2026-09-11
TLT,80.87,2026-10-23,41,Put,82.00,+1.40%,1.81,1.82,1.84,903,191,4.73,11.18%,11.81%,-0.61667,2026-09-11
SPY,764.29,2026-10-16,34,Put,685.00,-10.37%,1.44,1.45,1.45,14026,2969,4.72,12.97%,23.97%,-0.058584,2026-09-11
SPY,764.29,2026-10-09,27,Put,625.00,-18.22%,0.41,0.42,0.42,595,126,4.72,12.97%,35.35%,-0.015374,2026-09-11
SPY,764.29,2026-09-17,5,Call,776.00,-1.53%,0.57,0.55,0.58,802,170,4.72,12.97%,10.79%,0.121372,2026-09-11
XLI,172.37,2026-10-16,34,Call,174.00,-0.95%,0.6,3.2,4.15,511,109,4.69,18.25%,13.71%,0.448517,2026-09-11
SPY,764.29,2026-09-24,12,Put,725.00,-5.14%,0.84,0.86,0.85,671,143,4.69,12.97%,20.08%,-0.068033,2026-09-11
SPY,764.29,2028-01-21,496,Put,830.00,+8.60%,77.93,78.13,78.44,4608,986,4.67,12.97%,14.82%,-0.663,2026-09-11
QQQ,714.88,2026-09-15,3,Put,711.00,-0.54%,2.19,2.22,2.23,1404,302,4.65,18.29%,15.15%,-0.337344,2026-09-11
IBIT,43.77,2026-10-23,41,Put,40.00,-8.61%,0.73,0.79,0.76,1026,221,4.64,37.44%,38.75%,-0.215805,2026-09-11
SPY,764.29,2026-09-16,4,Put,760.00,-0.56%,2.29,2.3,2.31,7317,1576,4.64,12.97%,13.09%,-0.331374,2026-09-11
TQQQ,70.98,2026-09-25,13,Call,79.00,-11.30%,0.01,0.29,0.3,1255,271,4.63,53.53%,37.38%,0.071605,2026-09-11
USO,154.9,2026-09-18,6,Call,162.00,-4.58%,2.74,2.81,2.86,895,195,4.59,55.86%,69.42%,0.325481,2026-09-11
SPY,764.29,2026-09-16,4,Put,736.00,-3.70%,0.28,0.29,0.29,746,163,4.58,12.97%,21.05%,-0.041358,2026-09-11
DRAM,59.1,2026-10-02,20,Put,60.00,+1.52%,3.4,4.05,4.5,572,126,4.54,60.02%,63.62%,-0.507151,2026-09-11
IWM,288.89,2026-09-14,2,Call,291.00,-0.73%,0.33,0.34,0.35,5140,1133,4.54,18.32%,12.51%,0.22189,2026-09-11
IWM,288.89,2026-09-23,11,Call,294.00,-1.77%,1.21,1.27,1.27,1187,262,4.53,18.32%,15.30%,0.268307,2026-09-11
SPY,764.29,2026-10-02,20,Call,794.00,-3.89%,0.37,0.37,0.38,2228,493,4.52,12.97%,9.58%,0.052356,2026-09-11
QQQ,714.88,2026-09-15,3,Put,697.00,-2.50%,0.42,0.41,0.43,649,144,4.51,18.29%,19.64%,-0.074172,2026-09-11
SPY,764.29,2026-09-15,3,Call,756.00,+1.08%,9.09,9.23,9.36,1416,317,4.47,12.97%,12.64%,0.835624,2026-09-11
SPY,764.29,2026-09-14,2,Put,751.00,-1.74%,0.14,0.15,0.15,3982,894,4.45,12.97%,14.07%,-0.044265,2026-09-11
SPY,764.29,2026-09-16,4,Put,759.00,-0.69%,2.05,2.1,2.06,755,171,4.42,12.97%,13.36%,-0.300825,2026-09-11
KWEB,24.6,2026-10-02,20,Call,26.50,-7.72%,0.07,0.15,0.14,1036,235,4.41,27.90%,27.32%,0.135618,2026-09-11
SPY,764.29,2026-09-18,6,Put,764.00,-0.04%,5.5,5.51,5.54,18817,4265,4.41,12.97%,14.87%,-0.480981,2026-09-11
QQQ,714.88,2026-09-14,2,Put,699.00,-2.22%,0.16,0.17,0.17,1907,434,4.39,18.29%,17.84%,-0.042666,2026-09-11
QQQ,714.88,2026-09-14,2,Put,702.00,-1.80%,0.26,0.26,0.27,2960,678,4.37,18.29%,16.68%,-0.067891,2026-09-11
TLT,80.87,2026-09-25,13,Call,80.50,+0.46%,0.95,0.96,0.96,1126,258,4.36,11.18%,11.86%,0.598235,2026-09-11
GLD,398.77,2027-02-19,160,Call,415.00,-4.07%,21.2,21.5,21.75,2012,461,4.36,23.64%,24.29%,0.474989,2026-09-11
IWM,288.89,2026-09-15,3,Call,293.00,-1.42%,0.13,0.15,0.16,4127,947,4.36,18.32%,11.88%,0.099059,2026-09-11
SPY,764.29,2026-10-09,27,Put,665.00,-12.99%,0.71,0.69,0.72,541,125,4.33,12.97%,28.26%,-0.030502,2026-09-11
QQQ,714.88,2026-09-23,11,Call,745.00,-4.21%,0.22,0.31,0.29,1096,253,4.33,18.29%,13.11%,0.039247,2026-09-11
USO,154.9,2026-09-16,4,Call,170.00,-9.75%,0.85,0.93,0.95,1696,392,4.33,55.86%,79.43%,0.141752,2026-09-11
QQQ,714.88,2026-09-16,4,Call,717.00,-0.30%,3.92,3.92,3.96,1165,270,4.31,18.29%,16.11%,0.441916,2026-09-11
IWM,288.89,2026-09-14,2,Call,290.00,-0.38%,0.66,0.67,0.69,9351,2170,4.31,18.32%,13.22%,0.35474,2026-09-11
SOXS,44.14,2026-09-18,6,Put,43.00,-2.58%,1.74,1.76,1.87,559,130,4.3,109.09%,105.15%,-0.395413,2026-09-11
SMH,568.53,2026-09-25,13,Put,530.00,-6.78%,2.5,2.69,2.92,1512,352,4.3,32.10%,35.54%,-0.136277,2026-09-11
QQQ,714.88,2026-09-16,4,Put,696.00,-2.64%,0.92,0.93,0.94,597,139,4.29,18.29%,21.82%,-0.115575,2026-09-11
SPY,764.29,2026-09-16,4,Put,765.00,+0.09%,4.01,4.04,4.04,6150,1434,4.29,12.97%,11.79%,-0.520371,2026-09-11
IWM,288.89,2026-10-16,34,Put,277.00,-4.12%,2.75,2.76,2.79,64604,15050,4.29,18.32%,21.53%,-0.240155,2026-09-11
QQQ,714.88,2026-09-15,3,Put,689.00,-3.62%,0.2,0.21,0.21,632,148,4.27,18.29%,22.71%,-0.03492,2026-09-11
SPY,764.29,2026-10-02,20,Call,796.00,-4.15%,0.29,0.33,0.3,2260,531,4.26,12.97%,9.64%,0.042328,2026-09-11
XLF,57.25,2026-09-25,13,Put,56.00,-2.18%,0.16,0.27,0.33,5039,1183,4.26,15.49%,16.74%,-0.229804,2026-09-11
IWM,288.89,2026-09-14,2,Put,293.00,+1.42%,3.76,3.82,3.98,1692,398,4.25,18.32%,0.00%,0,2026-09-11
SPY,764.29,2026-10-09,27,Put,752.00,-1.61%,6.42,6.51,6.48,1442,342,4.22,12.97%,14.68%,-0.319841,2026-09-11
SPY,764.29,2026-09-14,2,Put,753.00,-1.48%,0.19,0.19,0.2,5110,1213,4.21,12.97%,13.13%,-0.060604,2026-09-11
SPY,764.29,2026-10-02,20,Call,793.00,-3.76%,0.42,0.46,0.43,1555,371,4.19,12.97%,9.57%,0.058371,2026-09-11
TLT,80.87,2026-10-09,27,Call,81.50,-0.78%,0.66,0.69,0.68,6978,1664,4.19,11.18%,10.23%,0.416683,2026-09-11
XRPZ,14.78,2026-09-18,6,Call,16.00,-8.25%,0.15,0.25,0.35,501,120,4.18,63.47%,88.23%,0.261287,2026-09-11
XLE,65.14,2026-09-14,2,Call,66.00,-1.32%,0.1,0.14,0.16,2787,669,4.17,26.47%,22.09%,0.215636,2026-09-11
EWY,188.72,2026-09-25,13,Put,175.00,-7.27%,1.65,1.8,1.98,624,150,4.16,45.87%,47.53%,-0.18732,2026-09-11
SPY,764.29,2026-09-15,3,Call,765.00,-0.09%,2.39,2.42,2.41,10295,2476,4.16,12.97%,9.62%,0.469495,2026-09-11
QQQ,714.88,2026-09-17,5,Call,722.00,-1.00%,2.71,2.74,2.74,614,148,4.15,18.29%,16.30%,0.313178,2026-09-11
TLT,80.87,2026-09-18,6,Call,81.00,-0.16%,0.44,0.44,0.45,53115,12833,4.14,11.18%,11.95%,0.470129,2026-09-11
GLD,398.77,2026-09-18,6,Call,418.00,-4.82%,0.62,0.59,0.67,1589,385,4.13,23.64%,27.68%,0.098049,2026-09-11
EFA,106.7,2027-06-17,278,Put,110.00,+3.09%,4.05,6.55,9,2942,712,4.13,16.28%,11.48%,-0.608224,2026-09-11
SPY,764.29,2026-09-16,4,Put,751.00,-1.74%,0.9,0.92,0.91,783,190,4.12,12.97%,15.83%,-0.139384,2026-09-11
QQQ,714.88,2026-09-17,5,Put,672.00,-6.00%,0.36,0.38,0.38,592,144,4.11,18.29%,29.98%,-0.036551,2026-09-11
ETHA,19.16,2026-10-16,34,Put,19.00,-0.84%,1.07,1.08,1.12,4628,1127,4.11,52.19%,51.81%,-0.440728,2026-09-11
GLD,398.77,2026-09-14,2,Call,405.00,-1.56%,0.34,0.34,0.39,1491,364,4.1,23.64%,18.50%,0.13339,2026-09-11
SPY,764.29,2026-09-16,4,Call,757.00,+0.95%,9.12,9.49,9.36,608,149,4.08,12.97%,14.25%,0.748565,2026-09-11
SMH,568.53,2026-09-18,6,Put,665.00,+16.97%,94.5,96.35,98.85,866,212,4.08,32.10%,60.77%,-0.979156,2026-09-11
QQQ,714.88,2026-09-14,2,Put,703.00,-1.66%,0.31,0.33,0.32,3936,965,4.08,18.29%,16.34%,-0.079986,2026-09-11
SPY,764.29,2026-09-17,5,Put,750.00,-1.87%,1.21,1.2,1.22,5793,1424,4.07,12.97%,16.43%,-0.156599,2026-09-11
SPY,764.29,2026-09-21,9,Put,710.00,-7.10%,0.3,0.3,0.31,1891,468,4.04,12.97%,24.73%,-0.026603,2026-09-11
IWM,288.89,2026-09-16,4,Call,292.00,-1.08%,0.78,0.81,0.82,2294,568,4.04,18.32%,16.09%,0.270743,2026-09-11
IAU,81.71,2026-11-20,69,Call,90.00,-10.15%,1.05,1.13,1.2,2388,592,4.03,23.50%,25.54%,0.226084,2026-09-11
IBIT,43.77,2026-09-25,13,Call,46.00,-5.09%,0.48,0.5,0.51,25410,6322,4.02,37.44%,38.59%,0.264907,2026-09-11
SOXL,121.82,2026-09-16,4,Put,90.00,-26.12%,0,0.1,0.21,1291,322,4.01,106.28%,139.36%,-0.015763,2026-09-11
IWM,288.89,2026-09-16,4,Call,290.00,-0.38%,1.48,1.5,1.55,1708,427,4,18.32%,16.44%,0.421573,2026-09-11
SPY,764.29,2026-09-15,3,Call,763.00,+0.17%,3.59,3.59,3.64,1208,303,3.99,12.97%,10.23%,0.583478,2026-09-11
QQQ,714.88,2026-10-09,27,Call,716.00,-0.16%,13.95,14.1,14.14,644,162,3.98,18.29%,17.73%,0.516421,2026-09-11
SPY,764.29,2026-09-24,12,Put,735.00,-3.83%,1.33,1.36,1.35,632,159,3.97,12.97%,18.12%,-0.109204,2026-09-11
XLE,65.14,2027-03-19,188,Call,68.00,-4.39%,3.8,3.9,4,2145,540,3.97,26.47%,25.75%,0.467679,2026-09-11
XBI,156.2,2026-10-16,34,Call,168.00,-7.55%,1.44,1.84,1.99,1204,304,3.96,28.24%,28.63%,0.226422,2026-09-11
TQQQ,70.98,2026-09-14,2,Call,73.00,-2.85%,0.08,0.1,0.11,6040,1526,3.96,53.53%,31.49%,0.118224,2026-09-11
SMH,568.53,2026-09-18,6,Put,675.00,+18.73%,104.75,106.7,108.35,785,200,3.93,32.10%,61.04%,-0.988416,2026-09-11
SPY,764.29,2026-09-18,6,Put,742.00,-2.92%,1.01,1.01,1.03,17150,4366,3.93,12.97%,19.31%,-0.110396,2026-09-11
SOXL,121.82,2026-10-02,20,Put,65.00,-46.64%,0.28,0.4,0.51,5725,1469,3.9,106.28%,146.69%,-0.02241,2026-09-11
SPY,764.29,2026-09-16,4,Put,747.00,-2.26%,0.62,0.61,0.63,560,144,3.89,12.97%,17.11%,-0.096449,2026-09-11
KWEB,24.6,2026-10-23,41,Call,26.00,-5.69%,0.41,0.43,0.52,1073,276,3.89,27.90%,29.00%,0.316283,2026-09-11
SPY,764.29,2026-09-17,5,Call,771.00,-0.88%,1.65,1.63,1.66,2347,604,3.89,12.97%,11.41%,0.267592,2026-09-11
SNXX,15.27,2026-09-18,6,Call,16.00,-4.78%,0.65,0.67,0.75,1285,333,3.86,134.49%,127.75%,0.420893,2026-09-11
XLE,65.14,2026-09-14,2,Put,65.00,-0.21%,0.3,0.36,0.43,1111,289,3.84,26.47%,22.61%,-0.443265,2026-09-11
IWM,288.89,2026-09-24,12,Call,294.00,-1.77%,1.37,1.4,1.43,528,138,3.83,18.32%,15.53%,0.281389,2026-09-11
IWM,288.89,2026-09-17,5,Call,289.00,-0.04%,2.34,2.29,2.41,556,145,3.83,18.32%,17.64%,0.503556,2026-09-11
SPY,764.29,2026-10-02,20,Call,805.00,-5.33%,0.12,0.12,0.13,2564,670,3.83,12.97%,10.29%,0.018766,2026-09-11
SLV,58.12,2026-09-14,2,Call,59.00,-1.51%,0.2,0.22,0.22,2787,727,3.83,41.81%,31.00%,0.262741,2026-09-11
IBIT,43.77,2026-09-14,2,Put,43.50,-0.62%,0.25,0.27,0.28,2791,730,3.82,37.44%,30.13%,-0.383543,2026-09-11
IWM,288.89,2026-09-16,4,Put,290.00,+0.38%,3,3.25,3.16,1731,455,3.8,18.32%,20.91%,-0.561374,2026-09-11
SPY,764.29,2026-09-14,2,Put,752.00,-1.61%,0.17,0.17,0.18,4381,1153,3.8,12.97%,13.72%,-0.053194,2026-09-11
TQQQ,70.98,2026-09-14,2,Call,72.00,-1.44%,0.28,0.33,0.32,5647,1488,3.8,53.53%,32.65%,0.28432,2026-09-11
TLT,80.87,2026-09-18,6,Call,75.00,+7.26%,5.85,5.94,6,762,201,3.79,11.18%,30.48%,0.974555,2026-09-11
SILJ,30.49,2027-01-15,125,Call,2.00,+93.44%,28.3,28.39,28.7,1678,445,3.77,50.81%,162.03%,0.999611,2026-09-11
SPY,764.29,2026-09-25,13,Put,630.00,-17.57%,0.15,0.14,0.16,577,154,3.75,12.97%,42.94%,-0.007423,2026-09-11
EWY,188.72,2026-09-18,6,Call,192.00,-1.74%,2.83,3.47,3.55,600,161,3.73,45.87%,47.73%,0.400887,2026-09-11
SOXL,121.82,2026-09-18,6,Put,103.00,-15.45%,1.11,1.14,1.19,836,224,3.73,106.28%,118.61%,-0.118355,2026-09-11
SMH,568.53,2026-10-09,27,Put,542.50,-4.58%,9.1,9.6,10.15,804,216,3.72,32.10%,33.99%,-0.281641,2026-09-11
GLD,398.77,2026-09-16,4,Call,400.00,-0.31%,3.35,3.5,3.55,635,171,3.71,23.64%,23.76%,0.462001,2026-09-11
SPY,764.29,2026-09-15,3,Put,757.00,-0.95%,0.85,0.86,0.87,2175,587,3.71,12.97%,12.16%,-0.185815,2026-09-11
SPY,764.29,2026-10-09,27,Call,801.00,-4.80%,0.42,0.52,0.44,2610,704,3.71,12.97%,9.96%,0.05013,2026-09-11
SPY,764.29,2026-09-17,5,Put,728.00,-4.75%,0.3,0.31,0.31,703,190,3.7,12.97%,23.47%,-0.036153,2026-09-11
SPY,764.29,2026-09-21,9,Call,785.00,-2.71%,0.13,0.12,0.14,871,237,3.68,12.97%,8.95%,0.032273,2026-09-11
SPY,764.29,2026-09-15,3,Put,750.00,-1.87%,0.36,0.37,0.37,8621,2350,3.67,12.97%,14.90%,-0.077943,2026-09-11
SPY,764.29,2026-09-15,3,Put,751.00,-1.74%,0.4,0.4,0.41,1924,525,3.66,12.97%,14.48%,-0.087153,2026-09-11
GLD,398.77,2026-09-15,3,Call,410.00,-2.82%,0.26,0.27,0.3,501,138,3.63,23.64%,21.44%,0.080228,2026-09-11
KRE,73.9,2026-10-16,34,Call,79.00,-6.90%,0.41,0.41,0.64,2506,691,3.63,21.79%,22.93%,0.190393,2026-09-11
QQQ,714.88,2026-09-14,2,Put,705.00,-1.38%,0.45,0.46,0.46,8289,2297,3.61,18.29%,15.73%,-0.112179,2026-09-11
SLV,58.12,2027-06-17,278,Call,190.00,-226.91%,0.52,0.55,0.62,1538,427,3.6,41.81%,67.72%,0.048763,2026-09-11
QQQ,714.88,2026-09-17,5,Put,640.00,-10.47%,0.15,0.13,0.16,4723,1313,3.6,18.29%,42.69%,-0.012307,2026-09-11
FBTC,67.25,2026-10-16,34,Call,75.00,-11.52%,0.7,0.8,1.2,782,218,3.59,38.34%,40.42%,0.213417,2026-09-11
SPY,764.29,2026-09-16,4,Put,767.00,+0.35%,4.93,4.9,5.05,864,241,3.59,12.97%,11.24%,-0.609541,2026-09-11
IBIT,43.77,2026-09-14,2,Put,45.00,+2.81%,1.22,1.22,1.29,1682,469,3.59,37.44%,26.41%,-0.922159,2026-09-11
SQQQ,38.87,2028-01-21,496,Call,130.00,-234.45%,4.35,4.6,4.6,602,168,3.58,58.01%,89.39%,0.279352,2026-09-11
XLK,187.67,2026-10-16,34,Put,180.00,-4.09%,2.45,2.65,2.89,882,247,3.57,24.13%,26.34%,-0.27617,2026-09-11
SPY,764.29,2026-09-16,4,Put,754.00,-1.35%,1.2,1.19,1.22,1191,334,3.57,12.97%,14.86%,-0.18502,2026-09-11
XLI,172.37,2026-09-18,6,Call,178.00,-3.27%,0.01,0.23,0.23,766,215,3.56,18.25%,16.83%,0.072985,2026-09-11
TQQQ,70.98,2026-09-16,4,Call,71.00,-0.03%,1.42,1.49,1.64,734,208,3.53,53.53%,51.49%,0.511608,2026-09-11
TNA,64.81,2027-04-16,216,Call,66.00,-1.84%,9.35,10.86,11.35,1094,310,3.53,54.40%,52.40%,0.578965,2026-09-11
XBI,156.2,2026-10-16,34,Call,182.00,-16.52%,0.03,0.3,0.3,926,263,3.52,28.24%,26.30%,0.034275,2026-09-11
USO,154.9,2026-09-16,4,Put,147.00,-5.10%,1.16,1.2,1.27,742,212,3.5,55.86%,63.39%,-0.203974,2026-09-11
GLD,398.77,2026-09-18,6,Put,397.00,-0.44%,4.25,4.35,4.4,1570,448,3.5,23.64%,25.83%,-0.434305,2026-09-11
TLT,80.87,2027-05-21,251,Call,81.00,-0.16%,3.1,3.15,3.2,520,149,3.49,11.18%,9.50%,0.586374,2026-09-11
USO,154.9,2026-09-18,6,Call,185.00,-19.43%,0.43,0.46,0.52,1702,491,3.47,55.86%,87.91%,0.065019,2026-09-11
ETHA,19.16,2026-10-09,27,Call,20.00,-4.38%,0.55,0.76,0.79,1897,546,3.47,52.19%,47.89%,0.403711,2026-09-11
SPY,764.29,2028-06-16,643,Put,770.00,+0.75%,55.58,55.81,56.09,1234,357,3.46,12.97%,17.28%,-0.420664,2026-09-11
GLD,398.77,2026-09-18,6,Call,414.00,-3.82%,1,1.03,1.06,732,213,3.44,23.64%,26.98%,0.147054,2026-09-11
SPY,764.29,2026-09-16,4,Call,772.00,-1.01%,0.89,0.87,0.9,1074,312,3.44,12.97%,10.62%,0.191899,2026-09-11
SPY,764.29,2026-09-16,4,Call,771.00,-0.88%,1.13,1.15,1.14,1101,322,3.42,12.97%,10.76%,0.228438,2026-09-11
SQQQ,38.87,2026-09-18,6,Put,38.50,-0.95%,0.84,0.9,0.91,1187,347,3.42,58.01%,53.53%,-0.428233,2026-09-11
SOXL,121.82,2026-10-23,41,Put,85.00,-30.22%,4,4.19,4.5,1274,374,3.41,106.28%,122.58%,-0.137744,2026-09-11
SPY,764.29,2026-09-16,4,Call,777.00,-1.66%,0.22,0.22,0.23,1093,321,3.4,12.97%,10.13%,0.063995,2026-09-11
USO,154.9,2026-09-16,4,Put,145.00,-6.39%,0.81,0.85,0.89,3358,988,3.4,55.86%,64.00%,-0.152724,2026-09-11
IBIT,43.77,2026-10-23,41,Put,42.00,-4.04%,1.28,1.31,1.32,1512,447,3.38,37.44%,37.16%,-0.336812,2026-09-11
SPY,764.29,2026-09-15,3,Put,754.00,-1.35%,0.58,0.59,0.59,1566,466,3.36,12.97%,13.35%,-0.126464,2026-09-11
ETHA,19.16,2026-09-25,13,Call,22.00,-14.82%,0.12,0.13,0.14,7381,2212,3.34,52.19%,60.30%,0.125807,2026-09-11
SPY,764.29,2026-09-25,13,Call,757.00,+0.95%,11.04,11.71,11.63,550,165,3.33,12.97%,11.46%,0.690769,2026-09-11
GLD,398.77,2026-09-18,6,Put,378.00,-5.21%,0.39,0.4,0.42,1250,375,3.33,23.64%,28.03%,-0.064007,2026-09-11
QQQ,714.88,2026-09-14,2,Put,700.00,-2.08%,0.19,0.19,0.2,13186,3971,3.32,18.29%,17.49%,-0.050132,2026-09-11
SOXL,121.82,2026-10-23,41,Put,60.00,-50.75%,0.93,1,1.01,2163,651,3.32,106.28%,136.01%,-0.036733,2026-09-11
QQQ,714.88,2026-09-14,2,Put,720.00,+0.72%,5.5,5.65,5.9,3196,963,3.32,18.29%,11.32%,-0.80063,2026-09-11
TSLL,9.71,2026-09-18,6,Call,10.50,-8.14%,0.13,0.14,0.14,13451,4067,3.31,78.33%,80.23%,0.240934,2026-09-11
IWM,288.89,2026-09-17,5,Put,290.00,+0.38%,3.34,3.43,3.49,729,221,3.3,18.32%,21.29%,-0.551957,2026-09-11
SPY,764.29,2026-09-14,2,Put,755.00,-1.22%,0.28,0.29,0.29,13465,4101,3.28,12.97%,12.38%,-0.087862,2026-09-11
USO,154.9,2026-09-18,6,Put,142.00,-8.33%,0.83,0.89,0.89,3535,1083,3.26,55.86%,63.26%,-0.131494,2026-09-11
SPY,764.29,2026-10-09,27,Call,766.00,-0.22%,9.75,9.82,9.81,1853,570,3.25,12.97%,11.90%,0.503376,2026-09-11
KWEB,24.6,2026-10-23,41,Put,24.50,-0.41%,0.7,0.77,0.83,1647,512,3.22,27.90%,26.12%,-0.450279,2026-09-11
TQQQ,70.98,2026-09-16,4,Put,69.00,-2.79%,0.76,0.8,0.84,2127,660,3.22,53.53%,55.02%,-0.299405,2026-09-11
IEF,91.01,2026-09-18,6,Call,91.00,+0.01%,0.38,0.4,0.4,1308,408,3.21,6.51%,7.89%,0.521507,2026-09-11
IBIT,43.77,2026-09-25,13,Call,47.00,-7.38%,0.28,0.3,0.32,5309,1653,3.21,37.44%,38.75%,0.178919,2026-09-11
DRAM,59.1,2026-09-25,13,Call,59.00,+0.17%,2.14,2.5,2.65,819,256,3.2,60.02%,52.02%,0.531025,2026-09-11
SPY,764.29,2026-09-17,5,Put,757.00,-0.95%,2.22,2.22,2.23,856,269,3.18,12.97%,14.48%,-0.276476,2026-09-11
GLD,398.77,2026-09-18,6,Put,398.00,-0.19%,4.7,4.72,4.85,1145,360,3.18,23.64%,25.77%,-0.464391,2026-09-11
QQQ,714.88,2026-09-16,4,Put,708.00,-0.96%,2.68,2.6,2.7,1114,351,3.17,18.29%,18.63%,-0.30097,2026-09-11
SPY,764.29,2026-09-17,5,Call,764.00,+0.04%,4.88,4.95,4.92,893,284,3.14,12.97%,12.92%,0.522789,2026-09-11
SPY,764.29,2026-09-30,18,Put,722.00,-5.53%,1.33,1.34,1.35,1837,585,3.14,12.97%,19.52%,-0.086415,2026-09-11
QQQ,714.88,2026-09-14,2,Call,712.00,+0.40%,4.44,4.44,4.55,3353,1067,3.14,18.29%,12.97%,0.671407,2026-09-11
QQQ,714.88,2026-09-16,4,Call,723.00,-1.14%,1.57,1.58,1.6,754,242,3.12,18.29%,14.84%,0.243118,2026-09-11
GDXJ,125.41,2026-09-18,6,Put,109.00,-13.09%,0.09,0.12,0.21,803,257,3.12,49.78%,62.59%,-0.036355,2026-09-11
SPY,764.29,2026-09-15,3,Call,774.00,-1.27%,0.12,0.13,0.13,2608,835,3.12,12.97%,8.37%,0.05147,2026-09-11
QQQ,714.88,2026-09-15,3,Put,750.00,+4.91%,34.84,34.75,35.44,1475,476,3.1,18.29%,24.69%,-0.989963,2026-09-11
IWM,288.89,2026-10-09,27,Call,298.00,-3.15%,1.85,1.88,1.92,692,225,3.08,18.32%,15.87%,0.256607,2026-09-11
EWY,188.72,2026-12-18,97,Put,190.00,+0.68%,18.3,20.27,21.95,1530,498,3.07,45.87%,50.80%,-0.453905,2026-09-11
QQQ,714.88,2026-09-16,4,Call,720.00,-0.72%,2.59,2.62,2.61,3432,1118,3.07,18.29%,15.46%,0.34056,2026-09-11
VXX,18.07,2026-09-18,6,Call,19.00,-5.15%,0.18,0.19,0.2,6292,2050,3.07,56.95%,55.60%,0.254602,2026-09-11
IBIT,43.77,2026-09-16,4,Call,45.50,-3.95%,0.17,0.19,0.19,1590,522,3.05,37.44%,39.83%,0.184209,2026-09-11
SPY,764.29,2026-09-17,5,Call,769.00,-0.62%,2.37,2.34,2.38,553,182,3.04,12.97%,11.80%,0.34051,2026-09-11
SPY,764.29,2026-10-09,27,Call,783.00,-2.45%,2.67,2.86,2.7,635,209,3.04,12.97%,10.37%,0.219951,2026-09-11
QQQ,714.88,2026-09-14,2,Put,696.00,-2.64%,0.11,0.12,0.12,1621,534,3.04,18.29%,19.28%,-0.029078,2026-09-11
SPY,764.29,2026-09-16,4,Put,775.00,+1.40%,10.65,10.4,11.05,728,240,3.03,12.97%,9.35%,-0.930183,2026-09-11
SPY,764.29,2026-10-02,20,Put,721.00,-5.66%,1.57,1.45,1.59,924,306,3.02,12.97%,19.71%,-0.094038,2026-09-11
USO,154.9,2026-09-25,13,Call,195.00,-25.89%,0.6,0.58,0.72,719,239,3.01,55.86%,78.03%,0.069298,2026-09-11
LQD,104.32,2026-09-18,6,Put,110.00,+5.44%,4.35,5.8,6.6,1824,605,3.01,8.26%,29.37%,-0.918897,2026-09-11
TSLL,9.71,2026-09-18,6,Call,9.50,+2.16%,0.48,0.49,0.53,10276,3409,3.01,78.33%,78.97%,0.607381,2026-09-11
LQD,104.32,2026-09-18,6,Put,107.00,+2.57%,1.37,1.64,3.8,15000,5000,3,8.26%,11.56%,-0.965613,2026-09-11
SLV,58.12,2026-09-18,6,Put,90.00,+54.85%,31.75,31.8,31.95,600,200,3,41.81%,138.98%,-0.993149,2026-09-11
SPY,764.29,2026-09-17,5,Put,738.00,-3.44%,0.5,0.52,0.51,807,269,3,12.97%,20.01%,-0.064159,2026-09-11
IEF,91.01,2026-09-18,6,Put,93.00,+2.19%,1.94,2.01,2.04,844,281,3,6.51%,8.74%,-0.995368,2026-09-11
LQD,104.32,2026-09-18,6,Put,108.00,+3.53%,2.61,2.88,4.95,7300,2433,3,8.26%,20.60%,-0.90536,2026-09-11
TQQQ,70.98,2026-09-16,4,Put,68.00,-4.20%,0.54,0.58,0.58,1218,407,2.99,53.53%,56.66%,-0.223994,2026-09-11
SPY,764.29,2026-09-24,12,Call,765.00,-0.09%,5.73,5.75,5.79,601,202,2.98,12.97%,10.45%,0.502907,2026-09-11
SLV,58.12,2026-09-18,6,Put,91.00,+56.57%,32.75,32.85,32.95,2416,810,2.98,41.81%,142.06%,-0.99325,2026-09-11
IBIT,43.77,2026-09-16,4,Call,45.00,-2.81%,0.26,0.31,0.31,2917,978,2.98,37.44%,39.83%,0.262928,2026-09-11
SLV,58.12,2026-09-16,4,Call,62.00,-6.68%,0.11,0.12,0.12,705,239,2.95,41.81%,45.27%,0.091483,2026-09-11
TQQQ,70.98,2026-09-18,6,Call,75.50,-6.37%,0.26,0.3,0.36,633,215,2.94,53.53%,44.83%,0.150345,2026-09-11
QQQ,714.88,2026-09-16,4,Call,733.00,-2.53%,0.16,0.16,0.17,565,193,2.93,18.29%,13.47%,0.040645,2026-09-11
KRE,73.9,2027-09-17,370,Put,75.00,+1.49%,5.25,7.17,9.5,1000,341,2.93,21.79%,26.87%,-0.437794,2026-09-11
SPY,764.29,2026-09-16,4,Call,768.00,-0.49%,2.13,2.15,2.15,1305,446,2.93,12.97%,11.31%,0.352669,2026-09-11
TQQQ,70.98,2026-09-16,4,Put,70.00,-1.38%,1.06,1.11,1.16,1880,644,2.92,53.53%,53.05%,-0.388132,2026-09-11
SPY,764.29,2026-09-25,13,Call,774.00,-1.27%,2.26,2.25,2.3,5221,1785,2.92,12.97%,9.80%,0.267122,2026-09-11
TQQQ,70.98,2026-10-16,34,Put,75.00,+5.66%,6.25,6.54,6.95,682,234,2.91,53.53%,50.10%,-0.60652,2026-09-11
SOXL,121.82,2026-09-18,6,Put,97.00,-20.37%,0.56,0.58,0.76,933,322,2.9,106.28%,127.78%,-0.069967,2026-09-11
SPY,764.29,2026-09-16,4,Put,753.00,-1.48%,1.09,1.1,1.1,1400,483,2.9,12.97%,15.18%,-0.168094,2026-09-11
IGV,101.52,2026-10-16,34,Put,92.00,-9.38%,0.66,0.77,0.84,2108,728,2.9,29.55%,32.33%,-0.140603,2026-09-11
IWM,288.89,2026-09-14,2,Put,290.00,+0.38%,1.48,1.48,1.53,6313,2177,2.9,18.32%,10.09%,-0.691095,2026-09-11
SPY,764.29,2026-09-16,4,Put,746.00,-2.39%,0.57,0.59,0.58,833,289,2.88,12.97%,17.45%,-0.088477,2026-09-11
SLV,58.12,2026-09-30,18,Put,90.00,+54.85%,31.2,32.15,32.4,1800,626,2.88,41.81%,117.40%,-0.941886,2026-09-11
IBIT,43.77,2026-09-14,2,Put,44.00,+0.53%,0.48,0.52,0.52,4489,1559,2.88,37.44%,29.20%,-0.58899,2026-09-11
IWM,288.89,2026-09-17,5,Put,288.00,-0.31%,2.42,2.51,2.5,528,184,2.87,18.32%,21.72%,-0.442108,2026-09-11
SPY,764.29,2026-09-14,2,Put,748.00,-2.13%,0.1,0.1,0.11,1706,595,2.87,12.97%,15.67%,-0.03039,2026-09-11
GDX,97.1,2026-10-16,34,Call,95.00,+2.16%,6.4,6.3,6.55,4058,1412,2.87,44.30%,44.33%,0.600574,2026-09-11
SQQQ,38.87,2026-09-25,13,Put,37.00,-4.81%,0.78,1,0.89,6333,2205,2.87,58.01%,56.60%,-0.299625,2026-09-11
SOXS,44.14,2026-09-25,13,Call,45.00,-1.95%,2.73,2.94,3.1,613,216,2.84,109.09%,98.57%,0.498487,2026-09-11
SOXX,527.07,2026-10-16,34,Put,425.00,-19.37%,1.75,1.9,2.05,1551,547,2.84,36.87%,47.09%,-0.05577,2026-09-11
ETHA,19.16,2026-09-25,13,Call,19.50,-1.77%,0.61,0.64,0.64,1308,463,2.83,52.19%,53.12%,0.455228,2026-09-11
ETHA,19.16,2027-03-19,188,Put,12.00,-37.37%,0.43,0.45,0.53,757,270,2.8,52.19%,62.99%,-0.096556,2026-09-11
TLT,80.87,2026-10-09,27,Call,82.00,-1.40%,0.48,0.48,0.49,1435,516,2.78,11.18%,10.19%,0.33289,2026-09-11
SPY,764.29,2026-09-23,11,Call,790.00,-3.36%,0.1,0.1,0.11,639,231,2.77,12.97%,9.27%,0.022948,2026-09-11
SPY,764.29,2028-06-16,643,Put,525.00,-31.31%,11.44,11.64,11.48,645,233,2.77,12.97%,26.37%,-0.081959,2026-09-11
QQQ,714.88,2026-10-02,20,Call,723.00,-1.14%,7.88,8,8.02,649,234,2.77,18.29%,16.45%,0.409804,2026-09-11
TLT,80.87,2026-10-23,41,Call,86.00,-6.34%,0.09,0.1,0.1,673,244,2.76,11.18%,11.72%,0.068811,2026-09-11
XLF,57.25,2026-09-16,4,Put,57.00,-0.44%,0.01,0.24,0.33,851,308,2.76,15.49%,11.85%,-0.352793,2026-09-11
GLD,398.77,2026-09-14,2,Call,404.00,-1.31%,0.46,0.5,0.5,923,334,2.76,23.64%,18.03%,0.169823,2026-09-11
IWM,288.89,2026-09-21,9,Call,289.00,-0.04%,2.93,2.95,3,539,196,2.75,18.32%,16.18%,0.509004,2026-09-11
IWM,288.89,2026-09-17,5,Put,289.00,+0.04%,2.86,3,2.94,541,197,2.75,18.32%,21.43%,-0.496586,2026-09-11
SLV,58.12,2026-09-16,4,Call,58.00,+0.21%,0.98,1,1.02,618,225,2.75,41.81%,38.23%,0.532519,2026-09-11
SOXL,121.82,2026-09-18,6,Put,101.00,-17.09%,0.89,0.91,1,612,223,2.74,106.28%,121.17%,-0.098918,2026-09-11
TQQQ,70.98,2026-09-14,2,Call,71.00,-0.03%,0.71,0.76,0.77,1900,697,2.73,53.53%,35.44%,0.503974,2026-09-11
IWM,288.89,2026-10-02,20,Put,285.00,-1.35%,3.42,3.53,3.5,2790,1025,2.72,18.32%,19.86%,-0.36677,2026-09-11
SPY,764.29,2026-09-16,4,Put,755.00,-1.22%,1.34,1.33,1.35,2043,757,2.7,12.97%,14.57%,-0.204148,2026-09-11
IWM,288.89,2026-09-14,2,Call,289.00,-0.04%,1.15,1.18,1.18,4468,1657,2.7,18.32%,14.06%,0.492899,2026-09-11
EWZ,38.19,2026-11-20,69,Call,48.00,-25.69%,0.23,0.43,0.65,16004,5921,2.7,39.60%,44.78%,0.128405,2026-09-11
SMH,568.53,2026-09-18,6,Call,577.50,-1.58%,5.05,5.2,5.8,1196,445,2.69,32.10%,31.04%,0.359986,2026-09-11
QQQ,714.88,2026-09-16,4,Put,710.00,-0.68%,3.21,3.21,3.24,2406,895,2.69,18.29%,18.15%,-0.349753,2026-09-11
IBIT,43.77,2026-09-14,2,Put,43.00,-1.76%,0.11,0.12,0.14,6620,2467,2.68,37.44%,31.15%,-0.215007,2026-09-11
TLT,80.87,2026-09-18,6,Put,79.50,-1.69%,0.11,0.12,0.12,3157,1185,2.66,11.18%,13.53%,-0.155725,2026-09-11
TLT,80.87,2026-09-14,2,Call,81.00,-0.16%,0.16,0.16,0.17,6576,2476,2.66,11.18%,9.21%,0.414725,2026-09-11
IBIT,43.77,2026-09-16,4,Put,43.50,-0.62%,0.53,0.56,0.56,791,298,2.65,37.44%,37.22%,-0.42594,2026-09-11
SPY,764.29,2027-06-30,291,Call,960.00,-25.61%,1.39,1.48,1.41,833,314,2.65,12.97%,12.73%,0.041303,2026-09-11
SPY,764.29,2026-10-09,27,Call,805.00,-5.33%,0.29,0.29,0.3,1728,652,2.65,12.97%,10.10%,0.035721,2026-09-11
IWM,288.89,2026-09-15,3,Put,282.00,-2.38%,0.2,0.23,0.23,501,190,2.64,18.32%,19.99%,-0.088241,2026-09-11
UPRO,148.02,2026-09-18,6,Call,157.00,-6.07%,0.05,0.34,0.4,682,258,2.64,39.45%,32.25%,0.082039,2026-09-11
SILJ,30.49,2026-09-18,6,Put,29.50,-3.25%,0.31,0.41,0.4,4773,1807,2.64,50.81%,49.14%,-0.286475,2026-09-11
SPY,764.29,2026-09-16,4,Put,756.00,-1.08%,1.48,1.46,1.49,576,219,2.63,12.97%,14.23%,-0.224471,2026-09-11
EFA,106.7,2026-09-18,6,Call,106.50,+0.19%,0.01,1.02,1.84,2096,804,2.61,16.28%,15.29%,0.537951,2026-09-11
SPY,764.29,2026-09-21,9,Call,766.00,-0.22%,4.25,4.26,4.32,559,215,2.6,12.97%,10.14%,0.463946,2026-09-11
IWM,288.89,2026-09-16,4,Call,294.00,-1.77%,0.35,0.38,0.39,887,341,2.6,18.32%,15.80%,0.150431,2026-09-11
SILJ,30.49,2026-10-16,34,Call,38.00,-24.63%,0.17,0.35,0.44,500,193,2.59,50.81%,57.21%,0.124261,2026-09-11
SPY,764.29,2026-10-09,27,Call,791.00,-3.49%,1.21,1.39,1.23,620,239,2.59,12.97%,10.02%,0.12031,2026-09-11
XLE,65.14,2027-01-15,125,Put,60.00,-7.89%,1.66,1.76,2,16039,6207,2.58,26.47%,27.67%,-0.263535,2026-09-11
XLV,165.36,2026-11-20,69,Call,180.00,-8.85%,0.58,0.77,0.89,1087,422,2.58,16.36%,15.74%,0.132814,2026-09-11
SLV,58.12,2026-09-14,2,Call,58.00,+0.21%,0.57,0.6,0.6,1299,504,2.58,41.81%,30.13%,0.544884,2026-09-11
QQQ,714.88,2026-10-16,34,Put,718.00,+0.44%,16.31,16.18,16.57,1996,775,2.58,18.29%,18.15%,-0.5048,2026-09-11
IBIT,43.77,2026-09-14,2,Call,43.50,+0.62%,0.58,0.55,0.62,579,225,2.57,37.44%,34.69%,0.603185,2026-09-11
QQQ,714.88,2026-09-15,3,Call,715.00,-0.02%,3.47,3.55,3.55,4467,1738,2.57,18.29%,13.44%,0.505671,2026-09-11
SNXX,15.27,2026-09-18,6,Put,12.00,-21.41%,0.05,0.1,0.15,568,222,2.56,134.49%,139.99%,-0.075569,2026-09-11
SPY,764.29,2026-09-15,3,Put,743.00,-2.79%,0.19,0.2,0.2,769,301,2.55,12.97%,17.88%,-0.038905,2026-09-11
SOLZ,10.16,2027-01-15,125,Call,15.00,-47.64%,0.35,0.4,0.45,600,236,2.54,56.72%,65.46%,0.214447,2026-09-11
SPY,764.29,2026-10-09,27,Put,715.00,-6.45%,1.97,1.98,1.99,2792,1109,2.52,12.97%,19.97%,-0.09879,2026-09-11
QQQ,714.88,2026-10-16,34,Put,725.00,+1.42%,19.67,19.74,19.96,4368,1731,2.52,18.29%,17.50%,-0.579713,2026-09-11
ASHR,33.64,2026-10-16,34,Call,34.00,-1.07%,0.52,0.61,0.63,5002,1985,2.52,17.76%,16.78%,0.454296,2026-09-11
SPY,764.29,2026-09-21,9,Put,760.00,-0.56%,4.42,4.5,4.46,932,371,2.51,12.97%,13.70%,-0.382837,2026-09-11
SPY,764.29,2026-09-21,9,Call,780.00,-2.06%,0.37,0.35,0.38,1614,643,2.51,12.97%,8.82%,0.078761,2026-09-11
SPY,764.29,2026-09-16,4,Call,755.00,+1.22%,10.8,10.87,10.99,933,373,2.5,12.97%,14.75%,0.793621,2026-09-11
QQQ,714.88,2026-09-16,4,Call,715.00,-0.02%,4.98,5.11,5.08,1377,551,2.5,18.29%,16.62%,0.507772,2026-09-11
SPY,764.29,2026-09-30,18,Call,801.00,-4.80%,0.11,0.14,0.12,3946,1576,2.5,12.97%,9.84%,0.018997,2026-09-11
SPY,764.29,2026-09-16,4,Call,775.00,-1.40%,0.4,0.4,0.41,4499,1801,2.5,12.97%,10.28%,0.103708,2026-09-11
XBI,156.2,2026-09-18,6,Call,157.00,-0.51%,2.03,2.03,2.2,904,365,2.48,28.24%,30.63%,0.461982,2026-09-11
QQQ,714.88,2026-09-17,5,Put,705.00,-1.38%,2.79,2.82,2.82,1100,447,2.46,18.29%,20.20%,-0.268655,2026-09-11
IWM,288.89,2026-09-15,3,Put,290.00,+0.38%,2.26,2.44,2.45,1802,734,2.46,18.32%,16.98%,-0.591485,2026-09-11
SPY,764.29,2026-09-17,5,Put,742.00,-2.92%,0.65,0.69,0.66,753,307,2.45,12.97%,18.75%,-0.084511,2026-09-11
TLT,80.87,2026-09-18,6,Call,78.00,+3.55%,2.89,3.05,2.99,515,211,2.44,11.18%,17.93%,0.944789,2026-09-11
DBA,28.93,2027-01-15,125,Put,28.00,-3.21%,0.75,0.97,1.15,676,277,2.44,19.97%,15.38%,-0.448445,2026-09-11
EWZ,38.19,2027-03-19,188,Call,43.00,-12.59%,1.76,2.1,2.24,946,387,2.44,39.60%,37.45%,0.337666,2026-09-11
XLF,57.25,2026-09-30,18,Put,56.00,-2.18%,0.26,0.34,0.54,1720,705,2.44,15.49%,18.14%,-0.276043,2026-09-11
SPY,764.29,2026-10-02,20,Call,780.00,-2.06%,2.15,2.17,2.18,2686,1100,2.44,12.97%,10.03%,0.214255,2026-09-11
DRAM,59.1,2026-10-16,34,Call,66.00,-11.68%,1.88,1.96,2.08,533,219,2.43,60.02%,60.24%,0.31125,2026-09-11
SPY,764.29,2026-09-16,4,Call,756.00,+1.08%,9.94,10.11,10.21,645,265,2.43,12.97%,14.57%,0.771014,2026-09-11
SMH,568.53,2026-10-16,34,Put,490.00,-13.81%,2.8,2.93,3.15,1148,473,2.43,32.10%,38.90%,-0.090451,2026-09-11
DIA,525.79,2026-09-25,13,Put,500.00,-4.91%,0.53,0.56,0.7,1731,718,2.41,13.08%,18.93%,-0.072542,2026-09-11
IWM,288.89,2026-09-15,3,Put,292.00,+1.08%,3.72,3.94,3.95,2260,936,2.41,18.32%,18.40%,-0.73462,2026-09-11
GDX,97.1,2026-09-18,6,Call,105.00,-8.14%,0.26,0.31,0.35,26200,10923,2.4,44.30%,47.92%,0.108828,2026-09-11
SPY,764.29,2026-09-15,3,Call,750.00,+1.87%,14.67,15.39,15,763,318,2.4,12.97%,15.04%,0.920244,2026-09-11
KRE,73.9,2026-09-18,6,Call,76.00,-2.84%,0.03,0.21,0.4,5590,2339,2.39,21.79%,23.25%,0.181905,2026-09-11
APPX,13.67,2026-09-18,6,Call,14.00,-2.41%,0.45,0.6,0.95,1137,485,2.34,103.54%,120.45%,0.470738,2026-09-11
URA,43.53,2026-09-18,6,Call,45.00,-3.38%,0.5,0.51,0.6,1359,583,2.33,44.50%,49.84%,0.316127,2026-09-11
QQQ,714.88,2026-09-18,6,Put,674.00,-5.72%,0.56,0.54,0.58,1423,611,2.33,18.29%,28.65%,-0.051044,2026-09-11
SMH,568.53,2026-09-18,6,Put,650.00,+14.33%,79.5,81.4,83.85,2231,959,2.33,32.10%,53.30%,-0.976691,2026-09-11
GDX,97.1,2026-10-23,41,Put,80.00,-17.61%,0.59,0.64,0.75,605,261,2.32,44.30%,46.56%,-0.089497,2026-09-11
SPY,764.29,2027-06-30,291,Call,955.00,-24.95%,1.56,1.64,1.58,797,343,2.32,12.97%,12.74%,0.045617,2026-09-11
IGV,101.52,2026-09-18,6,Put,101.00,-0.51%,1.1,1.18,1.37,1586,691,2.3,29.55%,29.04%,-0.432848,2026-09-11
USO,154.9,2028-01-21,496,Call,250.00,-61.39%,7.35,9.3,9.7,2370,1029,2.3,55.86%,39.72%,0.247244,2026-09-11
XLE,65.14,2026-09-25,13,Call,70.00,-7.46%,0.1,0.13,0.15,1138,496,2.29,26.47%,26.91%,0.084215,2026-09-11
SPY,764.29,2026-09-17,5,Put,760.00,-0.56%,2.92,2.97,2.94,2654,1158,2.29,12.97%,13.68%,-0.352286,2026-09-11
QQQ,714.88,2026-09-21,9,Put,700.00,-2.08%,3,3.03,3.09,1032,453,2.28,18.29%,19.52%,-0.234377,2026-09-11
IWM,288.89,2026-09-15,3,Put,289.00,+0.04%,1.71,1.78,1.83,1887,829,2.28,18.32%,16.67%,-0.502612,2026-09-11
SOXL,121.82,2026-09-14,2,Call,125.00,-2.61%,1.15,1.27,1.35,1677,738,2.27,106.28%,69.15%,0.317751,2026-09-11
XLE,65.14,2026-09-18,6,Put,63.00,-3.29%,0.21,0.25,0.28,12879,5680,2.27,26.47%,29.41%,-0.180558,2026-09-11
SPY,764.29,2026-09-16,4,Put,748.00,-2.13%,0.68,0.67,0.69,580,258,2.25,12.97%,16.79%,-0.105687,2026-09-11
USO,154.9,2026-09-18,6,Put,148.00,-4.45%,2.11,2.13,2.26,2170,963,2.25,55.86%,63.37%,-0.271597,2026-09-11
SLV,58.12,2026-09-16,4,Call,59.00,-1.51%,0.56,0.6,0.62,881,394,2.24,41.81%,39.18%,0.368355,2026-09-11
SLV,58.12,2027-09-17,370,Call,67.00,-15.28%,7.85,8,8.1,1185,530,2.24,41.81%,44.27%,0.498445,2026-09-11
SOXL,121.82,2026-09-25,13,Call,145.00,-19.03%,2.14,2.4,2.65,1048,470,2.23,106.28%,99.35%,0.203707,2026-09-11
TLT,80.87,2026-09-23,11,Call,81.00,-0.16%,0.57,0.58,0.58,527,238,2.21,11.18%,10.95%,0.483175,2026-09-11
SOXL,121.82,2026-09-18,6,Put,114.00,-6.42%,3.25,3.35,3.55,890,403,2.21,106.28%,109.70%,-0.292606,2026-09-11
SQQQ,38.87,2026-09-18,6,Call,39.00,-0.33%,1.01,1.01,1.05,5954,2698,2.21,58.01%,54.39%,0.498218,2026-09-11
SPY,764.29,2026-10-23,41,Call,800.00,-4.67%,1.53,1.58,1.56,1397,636,2.2,12.97%,10.56%,0.118164,2026-09-11
KRE,73.9,2026-09-18,6,Put,74.50,+0.81%,0,1.25,2.16,2578,1174,2.2,21.79%,20.11%,-0.613144,2026-09-11
QQQ,714.88,2026-09-18,6,Call,726.00,-1.56%,2.01,2.01,2.06,4309,1958,2.2,18.29%,16.06%,0.237763,2026-09-11
IWM,288.89,2026-09-15,3,Call,290.00,-0.38%,0.81,0.84,0.87,814,371,2.19,18.32%,12.39%,0.37569,2026-09-11
SLV,58.12,2026-09-16,4,Call,60.00,-3.23%,0.31,0.33,0.34,1264,577,2.19,41.81%,40.06%,0.233097,2026-09-11
UPRO,148.02,2027-01-15,125,Put,60.00,-59.46%,0.75,1.05,1.15,1501,685,2.19,39.45%,92.92%,-0.025425,2026-09-11
SMH,568.53,2026-10-16,34,Call,595.00,-4.66%,11.65,13.35,12.85,701,322,2.18,32.10%,31.66%,0.349371,2026-09-11
SPY,764.29,2026-09-14,2,Put,770.00,+0.75%,5.76,5.8,5.84,3436,1582,2.17,12.97%,7.22%,-0.924105,2026-09-11
DRAM,59.1,2026-09-14,2,Call,61.00,-3.21%,0.14,0.15,0.16,7395,3415,2.17,60.02%,41.82%,0.158363,2026-09-11
SCO,20.61,2026-09-18,6,Call,21.00,-1.89%,0.65,0.7,0.75,543,251,2.16,78.32%,82.75%,0.451234,2026-09-11
TQQQ,70.98,2026-09-16,4,Call,73.00,-2.85%,0.55,0.59,0.6,686,319,2.15,53.53%,44.66%,0.284855,2026-09-11
XLU,42.39,2026-09-18,6,Call,43.00,-1.44%,0.04,0.14,0.17,3572,1665,2.15,14.89%,14.88%,0.226529,2026-09-11
SPY,764.29,2026-09-23,11,Put,732.00,-4.22%,0.99,0.92,1.01,544,254,2.14,12.97%,18.77%,-0.086218,2026-09-11
SOXL,121.82,2026-09-18,6,Put,99.00,-18.73%,0.71,0.71,0.8,717,337,2.13,106.28%,122.97%,-0.08105,2026-09-11
IWM,288.89,2026-09-15,3,Put,283.00,-2.04%,0.27,0.29,0.3,876,411,2.13,18.32%,19.25%,-0.115061,2026-09-11
QQQ,714.88,2026-09-15,3,Call,720.00,-0.72%,1.28,1.28,1.32,4630,2178,2.13,18.29%,12.23%,0.269627,2026-09-11
SPY,764.29,2026-09-18,6,Put,651.00,-14.82%,0.09,0.1,0.1,4747,2232,2.13,12.97%,50.42%,-0.005868,2026-09-11
SOXL,121.82,2026-09-18,6,Put,108.00,-11.34%,1.84,1.9,2,512,241,2.12,106.28%,114.11%,-0.184069,2026-09-11
SPY,764.29,2026-09-15,3,Put,752.00,-1.61%,0.45,0.46,0.46,715,338,2.12,12.97%,14.09%,-0.09827,2026-09-11
SPY,764.29,2026-10-09,27,Put,760.00,-0.56%,8.68,8.66,8.76,1767,840,2.1,12.97%,13.69%,-0.416115,2026-09-11
QQQ,714.88,2026-09-18,6,Call,716.00,-0.16%,6.14,6.21,6.27,2962,1411,2.1,18.29%,17.95%,0.486693,2026-09-11
XLE,65.14,2026-09-18,6,Put,66.00,+1.32%,1.23,1.43,1.53,760,363,2.09,26.47%,26.78%,-0.639722,2026-09-11
IWM,288.89,2026-09-16,4,Put,284.00,-1.69%,0.9,0.92,0.95,2399,1150,2.09,18.32%,22.70%,-0.229341,2026-09-11
QQQ,714.88,2026-10-02,20,Put,720.00,+0.72%,13.71,13.84,14.01,1248,601,2.08,18.29%,17.52%,-0.549575,2026-09-11
QQQ,714.88,2026-09-16,4,Put,703.00,-1.66%,1.7,1.65,1.72,514,248,2.07,18.29%,19.89%,-0.203065,2026-09-11
IBIT,43.77,2026-09-21,9,Put,42.00,-4.04%,0.31,0.39,0.33,554,268,2.07,37.44%,35.97%,-0.219702,2026-09-11
ETH,24.25,2026-10-16,34,Put,20.00,-17.53%,0.1,0.25,0.45,563,272,2.07,53.86%,58.82%,-0.118893,2026-09-11
ETHU,27.71,2026-09-18,6,Put,25.00,-9.78%,0.45,0.5,0.55,945,457,2.07,100.07%,110.00%,-0.21067,2026-09-11
IWM,288.89,2026-09-15,3,Call,291.00,-0.73%,0.47,0.5,0.51,567,275,2.06,18.32%,11.99%,0.259667,2026-09-11
TQQQ,70.98,2026-09-18,6,Call,72.50,-2.14%,1.14,1.2,1.31,711,345,2.06,53.53%,51.03%,0.388939,2026-09-11
SPY,764.29,2028-01-21,496,Call,"1,075.00",-40.65%,1.65,1.74,1.67,875,425,2.06,12.97%,13.67%,0.036144,2026-09-11
IWM,288.89,2026-09-25,13,Call,293.00,-1.42%,1.9,1.94,1.95,1814,884,2.05,18.32%,16.06%,0.336977,2026-09-11
SPY,764.29,2026-09-14,2,Call,762.00,+0.30%,3.53,3.58,3.59,5018,2449,2.05,12.97%,9.53%,0.673615,2026-09-11
QQQ,714.88,2026-09-17,5,Put,710.00,-0.68%,4.06,4.02,4.12,919,450,2.04,18.29%,19.06%,-0.36881,2026-09-11
XBI,156.2,2026-09-18,6,Put,154.00,-1.41%,1.16,1.25,1.66,1280,626,2.04,28.24%,30.00%,-0.344147,2026-09-11
SPY,764.29,2026-09-15,3,Call,745.00,+2.52%,19.51,20.45,19.89,602,296,2.03,12.97%,17.26%,0.951054,2026-09-11
SPY,764.29,2026-10-09,27,Put,705.00,-7.76%,1.53,1.54,1.54,1832,908,2.02,12.97%,21.53%,-0.074879,2026-09-11
SPY,764.29,2026-09-17,5,Put,727.00,-4.88%,0.29,0.31,0.3,603,300,2.01,12.97%,23.87%,-0.034603,2026-09-11
GLD,398.77,2026-09-18,6,Call,407.00,-2.06%,2.25,2.3,2.35,1169,584,2,23.64%,26.10%,0.282297,2026-09-11
IWM,288.89,2026-09-25,13,Put,280.00,-3.08%,1.5,1.58,1.55,10651,5321,2,18.32%,22.24%,-0.216097,2026-09-11
QQQ,714.88,2026-09-18,6,Call,731.00,-2.25%,0.92,0.95,0.96,2502,1255,1.99,18.29%,15.23%,0.134527,2026-09-11
SPY,764.29,2026-09-17,5,Call,770.00,-0.75%,1.99,1.99,2,3512,1768,1.99,12.97%,11.61%,0.303647,2026-09-11
ORCU,8.05,2026-09-18,6,Call,8.00,+0.62%,0.55,0.55,0.65,656,332,1.98,110.84%,140.31%,0.549519,2026-09-11
SPY,764.29,2026-09-14,2,Call,761.00,+0.43%,4.3,4.36,4.37,2866,1452,1.97,12.97%,9.92%,0.729622,2026-09-11
TLT,80.87,2026-10-23,41,Call,82.00,-1.40%,0.72,0.73,0.73,1053,537,1.96,11.18%,10.40%,0.377459,2026-09-11
TMF,29.31,2026-09-18,6,Call,30.00,-2.35%,0.19,0.26,0.26,1229,627,1.96,32.24%,32.61%,0.296801,2026-09-11
XOP,195.72,2026-09-18,6,Put,185.00,-5.48%,0.28,0.55,0.9,1332,679,1.96,33.07%,38.68%,-0.120749,2026-09-11
QQQ,714.88,2026-09-17,5,Put,715.00,+0.02%,5.89,5.95,5.95,2281,1166,1.96,18.29%,17.97%,-0.492376,2026-09-11
SPY,764.29,2026-09-16,4,Call,765.00,-0.09%,3.57,3.58,3.6,3573,1822,1.96,12.97%,11.97%,0.482382,2026-09-11
FXI,34.49,2026-10-16,34,Put,33.00,-4.32%,0.14,0.3,0.3,5682,2919,1.95,17.99%,18.52%,-0.197806,2026-09-11
SOXS,44.14,2026-09-18,6,Call,44.00,+0.32%,2.41,2.48,2.55,686,354,1.94,109.09%,106.41%,0.53819,2026-09-11
TQQQ,70.98,2026-12-18,97,Call,72.00,-1.44%,8.1,8.31,8.6,1026,528,1.94,53.53%,58.28%,0.554399,2026-09-11
TLT,80.87,2026-09-21,9,Call,81.00,-0.16%,0.48,0.52,0.49,2550,1312,1.94,11.18%,10.42%,0.476569,2026-09-11
ETHA,19.16,2026-10-16,34,Call,21.00,-9.60%,0.59,0.6,0.62,4176,2152,1.94,52.19%,53.46%,0.323008,2026-09-11
SPY,764.29,2026-10-30,48,Put,673.00,-11.94%,1.99,1.98,2.01,616,319,1.93,12.97%,24.52%,-0.065099,2026-09-11
EWY,188.72,2026-09-18,6,Call,188.00,+0.38%,4.15,4.8,5.55,667,345,1.93,45.87%,46.51%,0.537349,2026-09-11
VXX,18.07,2026-09-18,6,Put,17.50,-3.15%,0.15,0.18,0.18,1586,823,1.93,56.95%,42.65%,-0.266605,2026-09-11
SOXX,527.07,2026-10-16,34,Call,550.00,-4.35%,13.1,14.5,15.4,2057,1064,1.93,36.87%,35.60%,0.379575,2026-09-11
QQQ,714.88,2028-01-21,496,Put,395.00,-44.75%,4.22,5.89,8.5,508,265,1.92,18.29%,36.56%,-0.043396,2026-09-11
SPY,764.29,2026-10-09,27,Call,780.00,-2.06%,3.5,3.53,3.54,1383,720,1.92,12.97%,10.58%,0.266513,2026-09-11
ETHA,19.16,2027-03-19,188,Call,25.00,-30.48%,1.44,1.49,1.59,686,360,1.91,52.19%,57.74%,0.349972,2026-09-11
IWM,288.89,2026-09-16,4,Put,291.00,+0.73%,3.58,3.66,3.77,1054,552,1.91,18.32%,20.86%,-0.622951,2026-09-11
QQQ,714.88,2026-09-14,2,Call,711.00,+0.54%,5.16,5.1,5.29,1496,782,1.91,18.29%,13.18%,0.719453,2026-09-11
QQQ,714.88,2026-09-17,5,Call,715.00,-0.02%,5.95,5.96,6.06,620,327,1.9,18.29%,17.70%,0.509452,2026-09-11
SPY,764.29,2026-09-16,4,Put,758.00,-0.82%,1.84,1.87,1.85,772,406,1.9,12.97%,13.66%,-0.273137,2026-09-11
QQQ,714.88,2026-09-17,5,Call,730.00,-2.12%,0.74,0.75,0.76,903,475,1.9,18.29%,14.93%,0.122348,2026-09-11
TQQQ,70.98,2026-09-14,2,Put,70.00,-1.38%,0.4,0.4,0.43,1953,1029,1.9,53.53%,39.26%,-0.308923,2026-09-11
SLV,58.12,2026-09-14,2,Put,57.00,-1.93%,0.15,0.16,0.16,2759,1450,1.9,41.81%,31.95%,-0.199831,2026-09-11
IBIT,43.77,2026-09-21,9,Call,47.00,-7.38%,0.15,0.19,0.19,4055,2135,1.9,37.44%,38.79%,0.130531,2026-09-11
SPCH,10.26,2026-09-18,6,Call,10.50,-2.34%,0.4,0.43,0.5,1254,665,1.89,102.03%,105.43%,0.460534,2026-09-11
QQQ,714.88,2026-10-02,20,Call,715.00,-0.02%,12.11,12.27,12.34,1389,733,1.89,18.29%,17.45%,0.523789,2026-09-11
XLV,165.36,2026-10-16,34,Call,170.00,-2.81%,1.25,1.44,1.58,1470,784,1.88,16.36%,14.91%,0.302487,2026-09-11
IWM,288.89,2026-09-16,4,Put,285.00,-1.35%,1.11,1.15,1.16,1166,622,1.87,18.32%,22.20%,-0.272341,2026-09-11
SPY,764.29,2026-10-09,27,Put,710.00,-7.10%,1.72,1.72,1.75,2943,1575,1.87,12.97%,20.74%,-0.08571,2026-09-11
SPY,764.29,2026-09-18,6,Put,766.00,+0.22%,6.46,6.49,6.58,5488,2932,1.87,12.97%,14.79%,-0.536266,2026-09-11
QQQ,714.88,2026-10-16,34,Put,655.00,-8.38%,3.29,3.28,3.37,6266,3350,1.87,18.29%,25.74%,-0.117232,2026-09-11
SPY,764.29,2026-09-21,9,Put,745.00,-2.52%,1.53,1.56,1.56,514,277,1.86,12.97%,16.32%,-0.150536,2026-09-11
IWM,288.89,2026-09-15,3,Put,287.00,-0.65%,0.93,1,0.99,1953,1050,1.86,18.32%,16.95%,-0.327452,2026-09-11
QQQ,714.88,2026-10-09,27,Call,715.00,-0.02%,14.51,14.61,14.68,634,342,1.85,18.29%,17.79%,0.527931,2026-09-11
USO,154.9,2026-09-18,6,Put,147.00,-5.10%,1.88,1.89,1.97,973,525,1.85,55.86%,63.76%,-0.245823,2026-09-11
SPY,764.29,2026-10-02,20,Call,797.00,-4.28%,0.26,0.35,0.27,1493,806,1.85,12.97%,9.69%,0.038371,2026-09-11
SOXL,121.82,2026-09-14,2,Call,120.00,+1.49%,3.5,3.6,3.9,783,425,1.84,106.28%,75.01%,0.618856,2026-09-11
IBIT,43.77,2026-09-16,4,Call,44.00,-0.53%,0.6,0.62,0.66,957,519,1.84,37.44%,39.92%,0.462145,2026-09-11
SOXL,121.82,2026-09-14,2,Call,130.00,-6.71%,0.32,0.33,0.38,1813,985,1.84,106.28%,71.19%,0.114435,2026-09-11
TQQQ,70.98,2026-09-25,13,Put,61.00,-14.06%,0.49,0.52,0.6,4784,2601,1.84,53.53%,70.50%,-0.112314,2026-09-11
USO,154.9,2028-01-21,496,Put,70.00,-54.81%,2.45,2.62,3.05,601,329,1.83,55.86%,54.96%,-0.050888,2026-09-11
VXX,18.07,2026-09-18,6,Call,18.50,-2.38%,0.27,0.28,0.31,1274,698,1.83,56.95%,50.29%,0.37323,2026-09-11
SPXL,282.93,2027-01-15,125,Put,115.00,-59.35%,0.9,1.85,2.2,601,330,1.82,39.07%,89.95%,-0.022943,2026-09-11
SPY,764.29,2026-09-15,3,Put,747.00,-2.26%,0.27,0.28,0.28,789,435,1.81,12.97%,16.20%,-0.057062,2026-09-11
USO,154.9,2026-09-16,4,Call,160.00,-3.29%,2.45,2.49,2.51,1507,835,1.8,55.86%,69.43%,0.343119,2026-09-11
TLT,80.87,2026-09-23,11,Put,80.00,-1.08%,0.27,0.27,0.28,565,316,1.79,11.18%,11.31%,-0.278022,2026-09-11
QQQ,714.88,2026-09-16,4,Call,726.00,-1.56%,0.88,0.88,0.9,772,432,1.79,18.29%,14.32%,0.159056,2026-09-11
QQQ,714.88,2026-09-25,13,Put,717.00,+0.30%,10,10.1,10.2,1161,649,1.79,18.29%,17.41%,-0.519206,2026-09-11
GLD,398.77,2026-09-18,6,Call,433.00,-8.58%,0.12,0.11,0.14,1914,1068,1.79,23.64%,31.37%,0.022081,2026-09-11
SNXX,15.27,2026-09-18,6,Put,13.00,-14.87%,0.1,0.25,0.25,737,415,1.78,134.49%,122.67%,-0.134474,2026-09-11
IBIT,43.77,2026-09-16,4,Put,42.50,-2.90%,0.21,0.24,0.25,772,434,1.78,37.44%,38.35%,-0.222908,2026-09-11
IWM,288.89,2026-09-16,4,Put,286.00,-1.00%,1.37,1.45,1.43,1313,737,1.78,18.32%,21.82%,-0.321912,2026-09-11
SPY,764.29,2026-09-16,4,Put,745.00,-2.52%,0.52,0.51,0.53,2230,1252,1.78,12.97%,17.75%,-0.080793,2026-09-11
USO,154.9,2026-09-18,6,Call,159.00,-2.65%,3.45,3.65,3.8,819,462,1.77,55.86%,67.22%,0.400074,2026-09-11
SPY,764.29,2026-09-17,5,Put,755.00,-1.22%,1.85,1.88,1.87,1146,648,1.77,12.97%,15.02%,-0.234768,2026-09-11
XLE,65.14,2026-10-16,34,Put,65.00,-0.21%,2.04,2.04,2.24,4290,2424,1.77,26.47%,28.65%,-0.465233,2026-09-11
BRZU,106.66,2027-03-19,188,Put,75.00,-29.68%,4.8,5.3,6.4,500,285,1.75,78.78%,68.61%,-0.15944,2026-09-11
KWEB,24.6,2026-10-16,34,Put,23.00,-6.50%,0.15,0.24,0.24,6390,3651,1.75,27.90%,26.07%,-0.17786,2026-09-11
QQQ,714.88,2026-09-15,3,Put,705.00,-1.38%,1.05,1.07,1.08,11213,6416,1.75,18.29%,17.02%,-0.177445,2026-09-11
SLV,58.12,2027-03-19,188,Call,57.00,+1.93%,8,8.12,8.2,801,461,1.74,41.81%,42.47%,0.611672,2026-09-11
TQQQ,70.98,2026-09-25,13,Call,78.00,-9.89%,0.25,0.35,0.41,812,466,1.74,53.53%,41.32%,0.124262,2026-09-11
SPY,764.29,2026-09-15,3,Call,759.00,+0.69%,6.54,6.62,6.72,914,525,1.74,12.97%,11.56%,0.754704,2026-09-11
EWY,188.72,2026-12-18,97,Call,240.00,-27.17%,3,4.1,4.85,4225,2433,1.74,45.87%,45.41%,0.181133,2026-09-11
SPY,764.29,2026-09-18,6,Put,737.00,-3.57%,0.74,0.73,0.75,6909,3980,1.74,12.97%,20.64%,-0.080337,2026-09-11
KORU,23.07,2026-09-18,6,Call,23.50,-1.86%,1.3,1.6,1.65,566,328,1.73,135.96%,140.86%,0.496541,2026-09-11
TLT,80.87,2027-01-15,125,Put,74.00,-8.50%,0.45,0.44,0.47,3008,1743,1.73,11.18%,14.92%,-0.126426,2026-09-11
TQQQ,70.98,2026-10-02,20,Put,75.00,+5.66%,5,5.53,5.8,577,336,1.72,53.53%,45.03%,-0.677222,2026-09-11
IWM,288.89,2026-09-18,6,Put,266.00,-7.92%,0.12,0.13,0.13,643,374,1.72,18.32%,33.66%,-0.025987,2026-09-11
UVXY,18.02,2026-09-18,6,Call,18.00,+0.11%,0.62,0.65,0.65,2423,1420,1.71,89.23%,67.29%,0.525088,2026-09-11
ETHA,19.16,2026-10-02,20,Put,18.00,-6.05%,0.4,0.4,0.47,718,422,1.7,52.19%,52.52%,-0.279779,2026-09-11
TLT,80.87,2026-09-18,6,Call,81.50,-0.78%,0.24,0.24,0.3,20159,11861,1.7,11.18%,12.43%,0.323659,2026-09-11
MSTX,14.01,2026-09-18,6,Call,14.00,+0.07%,0.97,1,1.22,587,348,1.69,138.54%,151.87%,0.541449,2026-09-11
IWM,288.89,2026-09-14,2,Put,284.00,-1.69%,0.12,0.13,0.14,944,557,1.69,18.32%,16.63%,-0.080205,2026-09-11
SPY,764.29,2026-09-25,13,Put,729.00,-4.62%,1.14,1.15,1.16,1635,966,1.69,12.97%,19.18%,-0.088654,2026-09-11
SPY,764.29,2028-12-15,825,Put,755.00,-1.22%,56.77,57.15,57.3,874,521,1.68,12.97%,18.27%,-0.371828,2026-09-11
ETHA,19.16,2026-09-18,6,Call,21.00,-9.60%,0.1,0.1,0.11,66154,39406,1.68,52.19%,62.98%,0.138305,2026-09-11
QQQ,714.88,2026-09-16,4,Put,701.00,-1.94%,1.42,1.37,1.44,597,357,1.67,18.29%,20.41%,-0.172781,2026-09-11
SPY,764.29,2026-09-21,9,Put,740.00,-3.18%,1.12,1.14,1.14,611,368,1.66,12.97%,17.35%,-0.110927,2026-09-11
SPY,764.29,2026-09-23,11,Put,730.00,-4.49%,0.9,0.91,0.92,677,409,1.66,12.97%,19.19%,-0.078168,2026-09-11
EWY,188.72,2026-12-18,97,Call,195.00,-3.33%,14.4,15.54,16.6,1529,921,1.66,45.87%,47.04%,0.492489,2026-09-11
ETHA,19.16,2026-12-18,97,Call,26.00,-35.70%,0.56,0.56,0.63,6652,4010,1.66,52.19%,59.13%,0.207377,2026-09-11
ETHU,27.71,2026-09-18,6,Put,24.00,-13.39%,0.2,0.29,0.4,1017,618,1.65,100.07%,111.35%,-0.139606,2026-09-11
ROBN,33.13,2026-09-18,6,Call,35.00,-5.64%,1.15,1.2,1.85,512,312,1.64,115.76%,132.68%,0.407385,2026-09-11
SPY,764.29,2026-09-25,13,Call,789.00,-3.23%,0.21,0.23,0.22,784,479,1.64,12.97%,9.29%,0.039978,2026-09-11
QQQ,714.88,2026-09-14,2,Call,709.00,+0.82%,6.69,6.81,6.91,834,509,1.64,18.29%,13.52%,0.801747,2026-09-11
IBIT,43.77,2026-09-21,9,Call,45.00,-2.81%,0.54,0.54,0.57,549,336,1.63,37.44%,37.57%,0.335335,2026-09-11
SPY,764.29,2026-09-25,13,Put,728.00,-4.75%,1.09,1.1,1.11,780,478,1.63,12.97%,19.36%,-0.084716,2026-09-11
TLT,80.87,2026-10-23,41,Put,78.00,-3.55%,0.33,0.33,0.35,728,449,1.62,11.18%,12.73%,-0.178884,2026-09-11
DRAM,59.1,2026-09-14,2,Put,58.00,-1.86%,0.3,0.34,0.38,809,499,1.62,60.02%,44.60%,-0.277467,2026-09-11
IBIT,43.77,2026-10-02,20,Call,44.50,-1.67%,1.26,1.22,1.29,917,565,1.62,37.44%,38.27%,0.453159,2026-09-11
KORU,23.07,2026-09-18,6,Put,25.00,+8.37%,2.55,2.61,3.2,1645,1015,1.62,135.96%,142.83%,-0.634967,2026-09-11
TQQQ,70.98,2026-09-18,6,Put,67.00,-5.61%,0.73,0.75,0.76,5258,3254,1.62,53.53%,62.18%,-0.220525,2026-09-11
IWM,288.89,2026-09-14,2,Put,288.00,-0.31%,0.64,0.64,0.66,12007,7415,1.62,18.32%,12.32%,-0.36079,2026-09-11
IBIT,43.77,2026-09-23,11,Call,48.00,-9.66%,0.14,0.15,0.16,616,382,1.61,37.44%,40.67%,0.104564,2026-09-11
UVXY,18.02,2026-09-18,6,Call,18.50,-2.66%,0.45,0.45,0.5,752,467,1.61,89.23%,73.30%,0.410426,2026-09-11
IWM,288.89,2026-09-25,13,Put,278.00,-3.77%,1.22,1.25,1.26,1097,681,1.61,18.32%,23.12%,-0.178302,2026-09-11
SPY,764.29,2028-01-21,496,Put,755.00,-1.22%,44.56,44.79,44.95,4609,2870,1.61,12.97%,17.52%,-0.386393,2026-09-11
SLV,58.12,2026-09-14,2,Put,59.00,+1.51%,1.03,1.08,1.14,527,329,1.6,41.81%,31.37%,-0.735947,2026-09-11
IWM,288.89,2026-10-16,34,Call,292.00,-1.08%,4.95,5.02,5.03,972,608,1.6,18.32%,17.31%,0.448189,2026-09-11
SPY,764.29,2026-09-17,5,Call,772.00,-1.01%,1.36,1.33,1.37,1183,745,1.59,12.97%,11.26%,0.23356,2026-09-11
SPY,764.29,2026-10-09,27,Put,763.00,-0.17%,9.76,9.82,9.83,1422,893,1.59,12.97%,13.35%,-0.457774,2026-09-11
IBIT,43.77,2026-09-16,4,Put,44.00,+0.53%,0.78,0.83,0.81,1977,1246,1.59,37.44%,37.23%,-0.54269,2026-09-11
QQQ,714.88,2026-09-16,4,Put,705.00,-1.38%,2.03,2.05,2.06,1058,668,1.58,18.29%,19.36%,-0.238061,2026-09-11
SPY,764.29,2026-09-14,2,Put,746.00,-2.39%,0.09,0.1,0.1,1695,1075,1.58,12.97%,16.98%,-0.025922,2026-09-11
TQQQ,70.98,2026-09-18,6,Put,68.00,-4.20%,0.92,0.96,0.98,4778,3033,1.58,53.53%,59.87%,-0.272927,2026-09-11
SMH,568.53,2026-10-16,34,Put,495.00,-12.93%,3.2,3.35,3.5,639,406,1.57,32.10%,38.19%,-0.101413,2026-09-11
SPY,764.29,2026-09-16,4,Put,743.00,-2.79%,0.44,0.45,0.45,730,465,1.57,12.97%,18.41%,-0.068114,2026-09-11
IWM,288.89,2026-09-15,3,Put,288.00,-0.31%,1.27,1.31,1.33,2103,1337,1.57,18.32%,16.60%,-0.41121,2026-09-11
QQQ,714.88,2026-09-16,4,Put,700.00,-2.08%,1.3,1.31,1.32,2265,1444,1.57,18.29%,20.69%,-0.159402,2026-09-11
SPY,764.29,2026-09-14,2,Call,756.00,+1.08%,8.72,8.8,8.82,538,345,1.56,12.97%,12.21%,0.890142,2026-09-11
SPY,764.29,2026-09-15,3,Put,744.00,-2.65%,0.21,0.21,0.22,632,404,1.56,12.97%,17.51%,-0.043125,2026-09-11
ETHA,19.16,2026-09-25,13,Call,20.50,-6.99%,0.32,0.32,0.34,637,409,1.56,52.19%,55.40%,0.280279,2026-09-11
TQQQ,70.98,2026-09-18,6,Put,67.50,-4.90%,0.8,0.82,0.9,847,544,1.56,53.53%,61.32%,-0.246508,2026-09-11
SMH,568.53,2026-09-25,13,Put,500.00,-12.05%,0.69,0.75,0.87,1916,1228,1.56,32.10%,40.80%,-0.042501,2026-09-11
QQQ,714.88,2026-10-16,34,Put,652.00,-8.80%,3.06,2.89,3.15,519,334,1.55,18.29%,26.12%,-0.109299,2026-09-11
BOIL,19.26,2026-10-16,34,Call,19.00,+1.35%,1.75,1.86,1.97,672,434,1.55,73.99%,72.93%,0.574518,2026-09-11
SPY,764.29,2026-09-17,5,Call,777.00,-1.66%,0.44,0.43,0.45,943,610,1.55,12.97%,10.66%,0.099212,2026-09-11
QQQ,714.88,2026-09-18,6,Put,677.00,-5.30%,0.64,0.65,0.66,1503,972,1.55,18.29%,27.70%,-0.058831,2026-09-11
SPY,764.29,2026-09-15,3,Call,770.00,-0.75%,0.58,0.59,0.59,7420,4789,1.55,12.97%,8.67%,0.180139,2026-09-11
XLI,172.37,2026-11-20,69,Call,180.00,-4.43%,1.1,2.96,4.95,765,497,1.54,18.25%,18.69%,0.339236,2026-09-11
QQQ,714.88,2026-10-09,27,Put,715.00,+0.02%,13.26,13.3,13.52,784,508,1.54,18.29%,18.14%,-0.477392,2026-09-11
SPY,764.29,2026-10-09,27,Call,800.00,-4.67%,0.47,0.47,0.48,3218,2094,1.54,12.97%,9.94%,0.054712,2026-09-11
EWY,188.72,2026-09-25,13,Put,180.00,-4.62%,2.74,2.95,3.2,3238,2103,1.54,45.87%,46.25%,-0.27851,2026-09-11
SPY,764.29,2026-10-09,27,Put,765.00,+0.09%,10.56,10.64,10.65,593,388,1.53,12.97%,13.16%,-0.487125,2026-09-11
IGV,101.52,2026-09-18,6,Call,106.00,-4.41%,0.22,0.28,0.3,638,416,1.53,29.55%,29.67%,0.13537,2026-09-11
QQQ,714.88,2027-06-17,278,Call,"1,000.00",-39.88%,2.65,2.8,3.03,15087,9847,1.53,18.29%,20.90%,0.054855,2026-09-11
FXI,34.49,2026-09-18,6,Put,38.00,+10.18%,1,3.6,5.2,18960,12368,1.53,17.99%,55.30%,-0.909365,2026-09-11
SPY,764.29,2026-09-16,4,Put,744.00,-2.65%,0.48,0.5,0.49,576,380,1.52,12.97%,18.10%,-0.074339,2026-09-11
SPY,764.29,2026-10-02,20,Call,792.00,-3.63%,0.48,0.49,0.49,706,465,1.52,12.97%,9.57%,0.065323,2026-09-11
TLT,80.87,2026-09-21,9,Put,80.00,-1.08%,0.22,0.21,0.23,966,637,1.52,11.18%,11.26%,-0.258944,2026-09-11
SPY,764.29,2026-10-09,27,Call,799.00,-4.54%,0.52,0.66,0.53,551,364,1.51,12.97%,9.93%,0.059705,2026-09-11
IWM,288.89,2026-10-16,34,Call,294.00,-1.77%,4.02,4.06,4.09,1213,803,1.51,18.32%,16.92%,0.394918,2026-09-11
QQQ,714.88,2026-10-09,27,Put,670.00,-6.28%,3.52,3.56,3.64,1493,986,1.51,18.29%,24.03%,-0.145034,2026-09-11
IWM,288.89,2026-10-16,34,Put,276.00,-4.46%,2.57,2.6,2.61,24697,16321,1.51,18.32%,21.80%,-0.225897,2026-09-11
QQQ,714.88,2026-10-09,27,Call,717.00,-0.30%,13.34,13.39,13.53,637,425,1.5,18.29%,17.58%,0.504757,2026-09-11
SPY,764.29,2026-09-16,4,Put,757.00,-0.95%,1.65,1.65,1.66,743,495,1.5,12.97%,13.95%,-0.247698,2026-09-11
SPY,764.29,2026-09-17,5,Call,755.00,+1.22%,11.35,11.46,11.71,1170,782,1.5,12.97%,15.41%,0.76044,2026-09-11
IWM,288.89,2026-09-15,3,Put,285.00,-1.35%,0.51,0.52,0.54,3823,2555,1.5,18.32%,18.05%,-0.198057,2026-09-11
QQQ,714.88,2026-09-18,6,Put,704.00,-1.52%,3.09,3.12,3.14,2070,1385,1.49,18.29%,20.44%,-0.268849,2026-09-11
TQQQ,70.98,2026-10-02,20,Call,80.00,-12.71%,0.35,0.44,0.46,2706,1815,1.49,53.53%,41.62%,0.123269,2026-09-11
ETHA,19.16,2026-10-16,34,Put,16.00,-16.49%,0.19,0.2,0.22,3524,2359,1.49,52.19%,55.10%,-0.120095,2026-09-11
FXI,34.49,2026-09-18,6,Put,40.00,+15.98%,5.35,5.6,6.05,5280,3551,1.49,17.99%,90.11%,-0.889973,2026-09-11
SPY,764.29,2026-09-18,6,Call,766.00,-0.22%,3.9,3.91,3.95,5750,3860,1.49,12.97%,11.70%,0.455457,2026-09-11
SOXS,44.14,2026-09-25,13,Call,50.00,-13.28%,1.09,1.29,1.5,625,421,1.48,109.09%,97.53%,0.28153,2026-09-11
SPY,764.29,2026-09-17,5,Call,766.00,-0.22%,3.75,3.8,3.78,795,538,1.48,12.97%,12.43%,0.451909,2026-09-11
DRAM,59.1,2026-10-16,34,Call,58.00,+1.86%,4.5,4.92,5.05,1753,1184,1.48,60.02%,57.76%,0.583803,2026-09-11
SPY,764.29,2026-09-14,2,Call,760.00,+0.56%,5.13,5.17,5.2,4110,2780,1.48,12.97%,10.36%,0.775545,2026-09-11
USO,154.9,2026-10-16,34,Put,137.00,-11.56%,2.56,3.05,3.3,1519,1035,1.47,55.86%,52.99%,-0.195162,2026-09-11
QQQ,714.88,2026-09-18,6,Call,739.00,-3.37%,0.2,0.2,0.22,1914,1304,1.47,18.29%,14.43%,0.039622,2026-09-11
TLT,80.87,2026-10-30,48,Put,78.00,-3.55%,0.41,0.39,0.42,4189,2847,1.47,11.18%,12.79%,-0.195648,2026-09-11
SPY,764.29,2026-09-25,13,Call,780.00,-2.06%,0.93,0.93,0.95,6424,4374,1.47,12.97%,9.36%,0.138132,2026-09-11
KORU,23.07,2026-09-25,13,Call,30.00,-30.04%,0.2,0.5,0.65,1062,729,1.46,135.96%,125.74%,0.162839,2026-09-11
GLD,398.77,2026-09-18,6,Put,373.00,-6.46%,0.21,0.22,0.25,1186,811,1.46,23.64%,29.78%,-0.03728,2026-09-11
QQQ,714.88,2026-09-25,13,Put,693.00,-3.06%,3.35,3.37,3.44,1531,1049,1.46,18.29%,21.28%,-0.206245,2026-09-11
XLK,187.67,2027-03-19,188,Put,170.00,-9.42%,5.2,6.35,7.15,2004,1370,1.46,24.13%,27.94%,-0.250501,2026-09-11
UVXY,18.02,2026-09-18,6,Call,19.00,-5.44%,0.33,0.36,0.37,2046,1401,1.46,89.23%,77.71%,0.317113,2026-09-11
QQQ,714.88,2026-09-16,4,Put,690.00,-3.48%,0.57,0.59,0.59,2147,1466,1.46,18.29%,23.67%,-0.072784,2026-09-11
TSLL,9.71,2026-09-25,13,Call,10.00,-2.99%,0.42,0.42,0.44,3161,2165,1.46,78.33%,75.27%,0.449444,2026-09-11
IWM,288.89,2026-09-17,5,Put,285.00,-1.35%,1.44,1.5,1.5,956,660,1.45,18.32%,22.82%,-0.297175,2026-09-11
QQQ,714.88,2026-09-18,6,Call,742.00,-3.79%,0.11,0.11,0.12,1289,890,1.45,18.29%,14.34%,0.023475,2026-09-11
SPY,764.29,2026-09-14,2,Call,758.00,+0.82%,6.88,6.95,6.96,1609,1110,1.45,12.97%,11.25%,0.84486,2026-09-11
UVXY,18.02,2026-09-18,6,Call,20.00,-10.99%,0.21,0.21,0.23,3512,2425,1.45,89.23%,89.94%,0.200071,2026-09-11
QQQ,714.88,2026-09-25,13,Call,723.00,-1.14%,5.18,5.34,5.31,671,467,1.44,18.29%,15.51%,0.369992,2026-09-11
QQQ,714.88,2026-09-15,3,Put,720.00,+0.72%,6.21,6.19,6.57,875,609,1.44,18.29%,12.86%,-0.724289,2026-09-11
SPY,764.29,2028-06-16,643,Put,780.00,+2.06%,59.29,59.71,59.83,1200,831,1.44,12.97%,16.94%,-0.445709,2026-09-11
IWM,288.89,2026-09-15,3,Call,292.00,-1.08%,0.26,0.26,0.28,1326,923,1.44,18.32%,11.83%,0.165113,2026-09-11
QQQ,714.88,2026-09-15,3,Call,725.00,-1.42%,0.29,0.3,0.31,2213,1538,1.44,18.29%,11.26%,0.089175,2026-09-11
QQQ,714.88,2026-09-18,6,Call,737.00,-3.09%,0.3,0.3,0.32,2290,1590,1.44,18.29%,14.54%,0.05515,2026-09-11
SPY,764.29,2026-09-17,5,Call,775.00,-1.40%,0.71,0.67,0.72,3708,2568,1.44,12.97%,10.84%,0.14438,2026-09-11
USO,154.9,2028-01-21,496,Put,90.00,-41.90%,4.2,4.94,5.65,1207,847,1.43,55.86%,48.84%,-0.093234,2026-09-11
IWM,288.89,2026-09-16,4,Put,288.00,-0.31%,2.07,2.21,2.13,1282,896,1.43,18.32%,21.19%,-0.43611,2026-09-11
SPY,764.29,2026-09-16,4,Put,750.00,-1.87%,0.81,0.82,0.82,2494,1749,1.43,12.97%,16.10%,-0.126245,2026-09-11
QQQ,714.88,2026-11-20,69,Put,670.00,-6.28%,10.47,10.54,10.61,8967,6286,1.43,18.29%,23.82%,-0.232745,2026-09-11
QQQ,714.88,2026-09-18,6,Put,715.00,+0.02%,6.47,6.47,6.58,23234,16384,1.42,18.29%,18.14%,-0.491203,2026-09-11
ETHA,19.16,2026-09-18,6,Call,20.00,-4.38%,0.25,0.26,0.27,45574,32001,1.42,52.19%,58.24%,0.298264,2026-09-11
IBIT,43.77,2026-10-09,27,Put,42.00,-4.04%,0.92,0.95,0.95,506,359,1.41,37.44%,36.81%,-0.313877,2026-09-11
IWM,288.89,2026-10-16,34,Call,289.00,-0.04%,6.56,6.59,6.64,690,490,1.41,18.32%,17.92%,0.525777,2026-09-11
EWZ,38.19,2026-10-23,41,Put,35.00,-8.35%,0.53,0.76,0.86,782,553,1.41,39.60%,37.03%,-0.234646,2026-09-11
GLD,398.77,2026-09-18,6,Put,395.00,-0.95%,3.4,3.4,3.6,5235,3711,1.41,23.64%,25.88%,-0.375261,2026-09-11
FAZ,32.62,2028-01-21,496,Call,30.00,+8.03%,8.5,9.1,9.3,524,373,1.4,45.57%,49.84%,0.680239,2026-09-11
SILJ,30.49,2026-11-20,69,Call,32.00,-4.95%,2.12,2.36,2.57,1348,963,1.4,50.81%,54.65%,0.478005,2026-09-11
XBI,156.2,2026-10-16,34,Put,140.00,-10.37%,0.68,0.93,0.99,1961,1398,1.4,28.24%,31.41%,-0.110762,2026-09-11
QQQ,714.88,2026-09-18,6,Put,717.00,+0.30%,7.34,7.39,7.49,2890,2070,1.4,18.29%,17.70%,-0.540595,2026-09-11
ORCZ,15.36,2026-09-18,6,Call,15.00,+2.34%,1.1,0.95,1.15,988,710,1.39,97.78%,119.80%,0.59294,2026-09-11
SPY,764.29,2026-09-17,5,Put,749.00,-2.00%,1.11,1.13,1.12,501,363,1.38,12.97%,16.70%,-0.144279,2026-09-11
USO,154.9,2026-09-16,4,Put,148.00,-4.45%,1.38,1.5,1.54,655,474,1.38,55.86%,63.51%,-0.234528,2026-09-11
XLP,83.38,2026-10-16,34,Put,83.00,-0.46%,0.53,1.4,2.38,1564,1131,1.38,21.85%,17.04%,-0.43977,2026-09-11
SOXS,44.14,2026-09-18,6,Put,38.00,-13.91%,0.33,0.37,0.45,687,503,1.37,109.09%,107.17%,-0.122449,2026-09-11
QQQ,714.88,2026-09-18,6,Put,667.00,-6.70%,0.43,0.43,0.44,806,587,1.37,18.29%,30.98%,-0.037722,2026-09-11
SOXS,44.14,2026-09-25,13,Call,70.00,-58.59%,0.06,0.1,0.28,1009,737,1.37,109.09%,131.34%,0.041709,2026-09-11
USO,154.9,2026-10-16,34,Put,150.00,-3.16%,7.55,7.7,7.8,4068,2964,1.37,55.86%,54.72%,-0.384883,2026-09-11
TQQQ,70.98,2026-09-14,2,Put,68.00,-4.20%,0.11,0.11,0.13,7184,5248,1.37,53.53%,46.43%,-0.101975,2026-09-11
QQQ,714.88,2026-09-16,4,Call,722.00,-1.00%,1.88,1.87,1.9,542,398,1.36,18.29%,15.05%,0.274765,2026-09-11
QQQ,714.88,2026-10-23,41,Call,770.00,-7.71%,1.55,1.58,1.61,569,419,1.36,18.29%,15.58%,0.092656,2026-09-11
SCHD,34.12,2026-09-18,6,Put,33.50,-1.82%,0,0.1,0.1,733,538,1.36,11.78%,14.42%,-0.151507,2026-09-11
SQQQ,38.87,2026-09-18,6,Put,37.50,-3.52%,0.41,0.42,0.43,1670,1231,1.36,58.01%,49.13%,-0.271105,2026-09-11
GDX,97.1,2026-09-18,6,Call,97.00,+0.10%,2.24,2.15,2.46,2731,2014,1.36,44.30%,45.76%,0.522756,2026-09-11
QQQ,714.88,2026-09-18,6,Put,713.00,-0.26%,5.64,5.7,5.74,2776,2036,1.36,18.29%,18.46%,-0.443814,2026-09-11
SPY,764.29,2026-09-25,13,Put,620.00,-18.88%,0.13,0.14,0.14,639,475,1.35,12.97%,45.32%,-0.006226,2026-09-11
MSTX,14.01,2026-10-02,20,Call,17.00,-21.34%,0.73,0.92,1.09,664,491,1.35,138.54%,143.49%,0.34379,2026-09-11
TLT,80.87,2026-09-25,13,Call,80.00,+1.08%,1.3,1.32,1.32,683,507,1.35,11.18%,12.50%,0.691852,2026-09-11
IWM,288.89,2026-09-15,3,Put,293.00,+1.42%,4.61,4.75,4.84,776,574,1.35,18.32%,19.96%,-0.778524,2026-09-11
HYG,78.6,2026-09-18,6,Call,78.50,+0.13%,0.14,0.31,0.46,990,733,1.35,5.56%,5.84%,0.582908,2026-09-11
SPY,764.29,2027-03-19,188,Put,690.00,-9.72%,12.4,12.41,12.46,9216,6841,1.35,12.97%,20.20%,-0.191558,2026-09-11
TLT,80.87,2026-10-30,48,Call,81.00,-0.16%,1.32,1.34,1.34,731,545,1.34,11.18%,10.96%,0.519577,2026-09-11
SPY,764.29,2026-09-22,10,Call,785.00,-2.71%,0.17,0.18,0.18,794,592,1.34,12.97%,8.87%,0.038963,2026-09-11
QQQ,714.88,2026-09-18,6,Call,714.00,+0.12%,7.31,7.34,7.44,1491,1110,1.34,18.29%,18.41%,0.534488,2026-09-11
SPY,764.29,2026-09-25,13,Put,751.00,-1.74%,3.42,3.57,3.46,1552,1157,1.34,12.97%,15.25%,-0.25672,2026-09-11
QQQ,714.88,2026-09-18,6,Put,706.00,-1.24%,3.54,3.5,3.6,1598,1195,1.34,18.29%,20.01%,-0.302218,2026-09-11
QQQ,714.88,2026-10-30,48,Put,680.00,-4.88%,8.82,8.75,8.99,7661,5714,1.34,18.29%,22.82%,-0.244607,2026-09-11
ORCX,22.38,2026-09-18,6,Call,26.00,-16.18%,0.25,0.45,0.5,692,519,1.33,97.29%,126.21%,0.199878,2026-09-11
XLK,187.67,2026-10-16,34,Put,160.00,-14.74%,0.45,0.56,0.8,766,578,1.33,24.13%,36.59%,-0.065324,2026-09-11
QQQ,714.88,2026-09-21,9,Call,730.00,-2.12%,1.36,1.4,1.43,987,743,1.33,18.29%,13.47%,0.17336,2026-09-11
ITB,89.54,2026-09-18,6,Put,86.00,-3.95%,0.45,0.6,0.6,7318,5482,1.33,30.63%,39.43%,-0.202246,2026-09-11
SPY,764.29,2026-09-15,3,Put,760.00,-0.56%,1.32,1.32,1.33,29150,21967,1.33,12.97%,11.05%,-0.27877,2026-09-11
QQQ,714.88,2026-09-18,6,Call,724.00,-1.28%,2.63,2.64,2.69,2020,1527,1.32,18.29%,16.45%,0.285904,2026-09-11
SOXS,44.14,2026-09-18,6,Call,50.00,-13.28%,0.56,0.63,0.7,2277,1725,1.32,109.09%,106.30%,0.199839,2026-09-11
UNG,10.17,2026-09-18,6,Call,10.50,-3.24%,0.08,0.1,0.14,3212,2435,1.32,42.54%,44.97%,0.303375,2026-09-11
USO,154.9,2026-09-18,6,Call,175.00,-12.98%,0.87,0.99,0.98,3377,2549,1.32,55.86%,78.70%,0.124485,2026-09-11
IBIT,43.77,2026-10-30,48,Put,43.50,-0.62%,2.06,2.22,2.17,528,403,1.31,37.44%,37.08%,-0.444137,2026-09-11
IWM,288.89,2026-09-14,2,Put,292.00,+1.08%,2.93,3.04,3.04,765,582,1.31,18.32%,0.00%,0,2026-09-11
QQQ,714.88,2026-10-09,27,Put,665.00,-6.98%,3.11,3.16,3.16,796,608,1.31,18.29%,24.75%,-0.127048,2026-09-11
GLD,398.77,2026-09-14,2,Call,410.00,-2.82%,0.09,0.1,0.12,1007,767,1.31,23.64%,21.36%,0.041275,2026-09-11
QQQ,714.88,2026-09-18,6,Call,718.00,-0.44%,5.13,5.14,5.21,2251,1722,1.31,18.29%,17.60%,0.43717,2026-09-11
DIA,525.79,2026-10-16,34,Call,545.00,-3.65%,1.75,1.77,1.93,2553,1942,1.31,13.08%,11.63%,0.183714,2026-09-11
QQQ,714.88,2026-09-18,6,Call,721.00,-0.86%,3.75,3.75,3.82,2837,2159,1.31,18.29%,16.99%,0.360928,2026-09-11
SPY,764.29,2026-09-30,18,Put,765.00,+0.09%,8.67,8.66,8.73,3255,2481,1.31,12.97%,12.98%,-0.493643,2026-09-11
SPY,764.29,2026-09-15,3,Put,748.00,-2.13%,0.29,0.3,0.3,5094,3874,1.31,12.97%,15.69%,-0.062258,2026-09-11
SPY,764.29,2026-09-25,13,Call,783.00,-2.45%,0.56,0.58,0.58,784,605,1.3,12.97%,9.22%,0.092533,2026-09-11
SQQQ,38.87,2026-09-18,6,Call,38.50,+0.95%,1.2,1.27,1.27,1564,1204,1.3,58.01%,51.91%,0.573769,2026-09-11
USO,154.9,2026-09-25,13,Put,135.00,-12.85%,0.8,0.86,0.94,2278,1749,1.3,55.86%,59.97%,-0.099925,2026-09-11
SOXX,527.07,2026-10-16,34,Put,500.00,-5.14%,11.9,12.2,12.8,4700,3625,1.3,36.87%,38.44%,-0.297193,2026-09-11
USO,154.9,2026-10-02,20,Call,170.00,-9.75%,3.85,3.95,4.15,932,725,1.29,55.86%,63.68%,0.295912,2026-09-11
QQQ,714.88,2026-09-18,6,Put,678.00,-5.16%,0.66,0.68,0.69,1942,1501,1.29,18.29%,27.34%,-0.06145,2026-09-11
QQQ,714.88,2026-09-21,9,Call,717.00,-0.30%,6.08,6.22,6.2,561,441,1.27,18.29%,15.36%,0.469076,2026-09-11
IBIT,43.77,2026-10-23,41,Call,60.00,-37.08%,0.09,0.11,0.12,635,501,1.27,37.44%,49.95%,0.037926,2026-09-11
IWM,288.89,2026-09-16,4,Put,287.00,-0.65%,1.69,1.71,1.75,926,730,1.27,18.32%,21.49%,-0.376842,2026-09-11
SPY,764.29,2026-09-16,4,Call,770.00,-0.75%,1.41,1.43,1.42,3515,2774,1.27,12.97%,10.90%,0.267477,2026-09-11
SOXL,121.82,2026-10-16,34,Call,120.00,+1.49%,16.45,16.6,17.45,549,435,1.26,106.28%,108.06%,0.587462,2026-09-11
SNXX,15.27,2026-09-18,6,Call,17.00,-11.33%,0.4,0.42,0.45,569,453,1.26,134.49%,130.29%,0.289294,2026-09-11
SPY,764.29,2026-09-30,18,Put,724.00,-5.27%,1.43,1.45,1.45,1014,805,1.26,12.97%,19.18%,-0.093157,2026-09-11
TLT,80.87,2027-01-15,125,Put,76.00,-6.02%,0.74,0.75,0.76,3173,2519,1.26,11.18%,14.34%,-0.193226,2026-09-11
RAM,13.41,2026-10-16,34,Call,16.00,-19.31%,1.05,1.1,1.15,999,797,1.25,120.58%,120.27%,0.386596,2026-09-11
SPY,764.29,2026-09-25,13,Call,765.00,-0.09%,6.17,6.18,6.22,2328,1862,1.25,12.97%,10.74%,0.504675,2026-09-11
USO,154.9,2026-09-18,6,Put,145.00,-6.39%,1.36,1.38,1.43,6315,5066,1.25,55.86%,63.05%,-0.193745,2026-09-11
ETHA,19.16,2026-09-18,6,Call,19.50,-1.77%,0.39,0.41,0.61,9577,7742,1.24,52.19%,65.89%,0.436858,2026-09-11
LQD,104.32,2026-09-18,6,Put,109.00,+4.49%,2,3.8,6.8,24116,19391,1.24,8.26%,18.06%,-0.976877,2026-09-11
IBIT,43.77,2026-10-09,27,Put,40.00,-8.61%,0.46,0.48,0.49,700,566,1.24,37.44%,39.23%,-0.17879,2026-09-11
QQQ,714.88,2028-01-21,496,Put,375.00,-47.54%,4.52,5.06,5.79,1854,1497,1.24,18.29%,37.35%,-0.035498,2026-09-11
SPY,764.29,2026-10-02,20,Put,715.00,-6.45%,1.3,1.32,1.31,2241,1801,1.24,12.97%,20.72%,-0.076776,2026-09-11
QQQ,714.88,2026-09-18,6,Put,714.00,-0.12%,6.05,6.08,6.17,3024,2430,1.24,18.29%,18.34%,-0.467249,2026-09-11
IBIT,43.77,2026-09-25,13,Call,44.50,-1.67%,0.95,0.94,0.98,3799,3066,1.24,37.44%,38.35%,0.430722,2026-09-11
"Downloaded from Barchart.com as of 09-12-2026 04:27am CDT"
